Product ID (DO NOT EDIT),Product Name (English),Product Name (Traditional Chinese),Product Summary (English),Product Summary (Traditional Chinese),SEO Title (English),SEO Title (Traditional Chinese),SEO Description (English),SEO Description (Traditional Chinese),SEO Keywords,Hidden Product,Preorder Product,Preorder Note (English),Preorder Note (Traditional Chinese),Status,Brand,Hide Price,Regular Price,Sale Price,Product Retail Store Price,Member Price,Bronze Member Price,Silver Member Price,Gold Member Price,批發商戶 Price,Unlimited Quantity,Same Price,Product Cost,SKU,Quantity (DO NOT EDIT),Update Quantity (e.g. +5 or -8),Weight(KG),Supplier,Product Tag,Variant ID (DO NOT EDIT),Variant (English) (DO NOT EDIT),Variant (Traditional Chinese) (DO NOT EDIT),Variant Quantity (DO NOT EDIT),Update Variant Quantity (e.g. +5 or -8),Variant Price,Variant Sale Price,Variant Retail Store Price,Variant Member Price,Variant Bronze Member Price,Variant Silver Member Price,Variant Gold Member Price,Variant 批發商戶 Price,Variant Cost,Variant Weight(KG),Variant SKU,Location ID,MPN,Barcode,SL_STOCK_ID(DO NOT EDIT),Warehouse(DO NOT EDIT),SL_KEY0(DO NOT EDIT),SL_KEY1(DO NOT EDIT)
商品編號 （切勿更改),商品名稱 (英文),商品名稱 (繁體中文),商品摘要 (英文),商品摘要 (繁體中文),SEO標題 (英文),SEO標題 (繁體中文),SEO簡介 (英文),SEO簡介 (繁體中文),SEO關鍵字,隱藏商品,預購商品,預購提示 (英文),預購提示 (繁體中文),上架狀態,商品品牌,隱藏價格,商品原價,商品特價,實體店價格,商品會員價,銅級會員價,銀級會員價,金級會員價,批發商戶價,無限數量,價格一致,商品成本,商品貨號,數量 (參考用，請勿修改),增減數量 (例: +5 或 -8),重量(公斤),供應商,商品管理標籤,款式編號 （切勿更改),款式 (英文) (勿更改),款式 (繁體中文) (勿更改),款式數量 (參考用，請勿修改),增減款式數量 (例: +5 或 -8),款式價格,款式特價,款式實體店價格,款式會員價,款式銅級會員價,款式銀級會員價,款式金級會員價,款式批發商戶價,款式成本,款式重量(KG),款式貨號,儲位編號,製造編號,商品條碼編號,庫存參照值(切勿更改),出貨倉庫(參考用，請勿修改),商品名稱參照值0(切勿更改),商品名稱參照值1(切勿更改)
63b4f844c16f58001afd9b5c,lubets Mix 7-Pack,lubets 天然有機隨身片綜合包,,,lubets Mix 7-Pack,lubets 天然有機隨身片綜合包,"This pack includes the full range of Lubets lubricants, orgasm enhancers, and massage oils.A total of 7 sample size products designed to give you a taste of absolutely everything we have to offer.7 Lubets, 7 colors, 7 unique ways ",來自西班牙的品牌lubets，彈指之間，享受愉悅。單片份量，給你剛剛好的快樂。最熱銷的隨身片綜合包，一包帶走lubets全系列天然產品，想要體驗從前戲到主菜的快感？綜合包給你剛剛好的份量，足夠你一夜纏綿。隨身片綜合包內含：⊛ 水性潤滑液⊛ 溫感水性潤滑液⊛ 油性潤滑液⊛ 女士高潮提升液⊛ 男士高潮提升液⊛ 男士延時凝膠⊛ 暖感按摩油⊛ 成份天然低敏⊛ 各款一片，共七片；4ml x 7片⊛ 西班牙製造            ,,N,N,,,Y,lubets,N,158,0,,0,0,0,0,0,N,,79,WD0002481,3,+0,1,,,,,,,,,,,,,,,,,,,LB_MIXPACK_7EN,,8436586760298,63b4f845c16f58001afd9b63,Primary,442c5b66efab2f258e7efb1b4f66b87a,c3dac15e0a530f91dbf810716d6e4425
63b5474dc975f2000ea4c5c1,Sistalk Monster Pub Magic Kiss Charging Stand,Sistalk 小怪獸 魔吻專用充電座,,,Sistalk Monster Pub Magic Kiss Charging Stand,Sistalk 小怪獸 魔吻專用充電座,,,,N,Y,,,Y,Sistalk,N,80,0,,0,0,0,0,0,N,,40,WD0002488,0,+0,1,,,,,,,,,,,,,,,,,,,,,35306544,63b5474dc975f2000ea4c5c6,Primary,e04508f96884c12182eb591d259e9855,7798cad6fe4bf072781042662f0e9960
63b63791566f98001383bd8d,TENGA LED LIGHT PREMIUM VACUUM LIGHT,TENGA LED LIGHT 夜燈 PREMIUM VACUUM LIGHT,,,TENGA LED LIGHT PREMIUM VACUUM LIGHT,TENGA LED LIGHT 夜燈 PREMIUM VACUUM LIGHT,Spend the night with the sparkling TENGA.10th Anniversary Limited EditionThe sparkling TENGA that lights up the night is finally here!The popular TENGA has become the perfect LED light for your interior.Spend a late night with the,與閃耀的 TENGA 共度深夜。十周年限量特別版照亮夜晚的閃耀 TENGA 終於來了！廣受歡迎的TENGA 已成為您室內裝飾的完美 LED 燈。與發光的 TENGA 一起度過一個深夜。產品尺寸：長69×寬69×高155 (mm/公厘)產品重量：95g維持時間：約12小時附送：3A 電 x 2,,N,N,,,N,TENGA,N,119,0,,0,0,0,0,0,N,,59.77,WD0002489,0,+0,1,,,,,,,,,,,,,,,,,,,,,4560220556085,63b63792566f98001383bd92,Primary,f9792e7d4e46267d5050143795e145ea,db9df305e1dcd714c71117bf4bdc31e3
63b65227eb9fed0020588c4e,Monster Pub 2 Remote Vibrators Dr. Whale (Excited/Premium Version),小怪獸2 鯨魚博士 (青春版/健康版),,小怪獸是全球首款智能互動感應女生玩具。小怪獸2代為照顧女孩的內外 GC 重點而全身進化，獨有的頭尾雙馬達環繞立體震模式( Stereo Waves™ )，來回環繞穿梭帶來超乎想像的3D立體震感。App超時空遙控功能，再遠的問題都能指尖解決，台北在遙控，巴黎在震動！ 智能加溫功能，為妳用心準備剛剛好的溫度。,Monster Pub 2 Remote Vibrators Dr. Whale (Excited/Premi,小怪獸2 鯨魚博士 (健康版),,風靡中、日、韓、台，在台灣大賣過百萬台的小怪獸， 終於正式登陸香港了！ 由包裝、外觀、功能，100%真正為女生而設計的品牌， 為妳帶來可愛的惡魔先生、鯨魚博士、哥斯拉大師， 希望讓女生能放膽談性、探索自己，成為一個更自信美麗的妳～  小怪獸2代在設計、功能上均有大幅度躍進， 採用人體工學U型設計，貼服地同時按摩G點、C點， 獨創環繞立體震，兩邊的震動器給妳最有感的按摩， 每次喚醒小怪獸，它都能給妳42°C的暖心體驗，帶來最溫暖的陪伴～  市面上功能最完備好,"小怪獸2 鯨魚博士,小怪獸2鯨魚博士,小怪獸鯨魚,小怪獸青春版,小怪獸健康版",N,N,,,Y,SISTALK 小怪獸,N,868,0,,0,0,0,0,0,N,N,334.17,WD0002106,11,,1,,,63b65756c2ce050023f5a9a7,,健康版,3,+0,868,0,,0,0,0,0,0,445,1,WD0002106,mp2-b-y,,6971668340385,63b65756c2ce050023f5a9b0,Primary,06ee5e9391bdcf17714f29517c306b9d,6cec2b54a0f24e28c264c9e52cb6feec
63b65227eb9fed0020588c4e,,,,,,,,,,,,,,,,,,,,,,,,,,,,,,,,,,63b65756c2ce050023f5a9a8,,青春版,0,+0,658,0,,0,0,0,0,0,326,1,WD0002107,mp2-b-y,,6971668340781,63b65756c2ce050023f5a9b5,Primary,43e38b213f8c64e682f86e97e4d45cdd,85bef6c0aea2c682cbfd99a9645f2af0
63b7a92ba1a03c0023fc276a,Mystery Bag Men Series (Deluxe/Standard/Starter),【幸運福袋】男士系列 (高價版/低價版/初階版),,"男士系列幸運福袋保證總值至少7折。

初階版$188 男士玩具 x1 (有機會得到Arcwave Ghost  + ROMP Mosh BJ 透明飛機杯) 
入門版$388: 男士玩具 x1 (有機會得到Arcwave Pow 吸力控制自慰器) 
豪華版$688: 男士玩具 x1 (有機會得到Boners 震動模擬口交自慰器)

*此商品不適用於即日門市自取的送貨方式。",Mystery Bag Men Series (Deluxe/Standard/Starter),【幸運福袋】男士系列 (高價版/低價版/初階版),,保證總值至少7折,,N,N,,,Y,,N,688,0,,0,0,0,0,0,N,N,0,,0,,1,,,63bbaa1aab3289001a6aa537,,高價版,0,+0,688,0,,0,0,0,0,0,0,1,,,,WD0002490,63bbaa1aab3289001a6aa540,Primary,30fdb042b49c2266db55957feeb56148,e8358dbb223f550d165f314ceb6cfbf0
63b7a92ba1a03c0023fc276a,,,,,,,,,,,,,,,,,,,,,,,,,,,,,,,,,,63bbaa1aab3289001a6aa538,,低價版,0,+0,388,0,,0,0,0,0,0,0,1,,,,WD0002491,63bbaa1aab3289001a6aa545,Primary,b3ed85890de3836b0ce88ee71d9fa4dd,bbb66a913cc9e80c3dca57c0e6f39801
63b7a92ba1a03c0023fc276a,,,,,,,,,,,,,,,,,,,,,,,,,,,,,,,,,,63bd36762359b7000e8405bb,,初階版,0,+0,188,0,,0,0,0,0,0,0,1,,,,WD0002522,63bd36772359b7000e8405c0,Primary,5e72e89619963e8f532ea99cab8f98cb,99d38160aecf45410214bc208b7fd0d8
63b7aa4f0583490017e1ce94,Mystery Bag Female Series (Deluxe/Standard/Starter),【幸運福袋】女士系列 (高價版/低價版/初階版),,"女士系列幸運福袋保證總值至少7折。

初階版$188: 女士玩具 x1 (有機會得到ROMP Beat 子彈形按摩棒) 
低價版$388: 女士玩具 x1 (有機會得到SISTALK 小怪獸 溫熱兔子G點怪獸棒 惡魔先生 粉紅色) 
高價版$688: 女士玩具 x1 (有機會得到Je Joue Juno G點震動按摩棒 (紫色/粉紅色/黑色))

*此商品不適用於即日門市自取的送貨方式。",Mystery Bag Female Series (Deluxe/Standard/Starter),【幸運福袋】女士系列 (高價版/低價版/初階版),,保證總值至少7折,,N,N,,,Y,,N,688,0,,0,0,0,0,0,N,N,0,,-1,,1,,,63bbac84c92900000e53dfe2,,高價版,0,+0,688,0,,0,0,0,0,0,0,1,,,,WD0002492,63bbac84c92900000e53dfeb,Primary,d6a6c142bf46ace6d652a25d18f1c3e8,7690a253b7be9ec121553be9b7bbe6a7
63b7aa4f0583490017e1ce94,,,,,,,,,,,,,,,,,,,,,,,,,,,,,,,,,,63bbac84c92900000e53dfe3,,低價版,-1,+0,388,0,,0,0,0,0,0,0,1,,,,WD0002493,63bbac84c92900000e53dff0,Primary,13b4b5602635601cbfd1ae3f8d450428,60196d3cd31339acf7bf6357f7bb5427
63b7aa4f0583490017e1ce94,,,,,,,,,,,,,,,,,,,,,,,,,,,,,,,,,,63bd36e5fa9bdf0019c4f6b5,,初階版,0,+0,188,0,,0,0,0,0,0,0,1,,,,WD0002523,63bd36e6fa9bdf0019c4f6ba,Primary,40389cffa3cc7ba89264f98043bb1d92,0e5f5e1f7c3e4344ea1b69948a76c572
63b7acb9c99cce001d3e19c3,Mystery Bag Female Vibrating Massager (Standard/Deluxe),【幸運福袋】女士震動棒福袋 (入門版/豪華版),,"女士震動棒幸運福袋(入門版)保證總值 $388 以上。
女士震動棒幸運福袋(豪華版)保證總值 $1588 以上。

入門版$288: 震動棒 x1 (有機會得到Wonderlust Harmony G點按摩棒 粉紅色) 
豪華版$1288: 震動棒 x1 (有機會得到Womanizer Duo 雙頭陰蒂吸啜按摩棒)

*此商品不適用於即日門市自取的送貨方式。",Mystery Bag Female Vibrating Massager (Standard/Deluxe),【幸運福袋】女士震動棒福袋 (入門版/豪華版),,,,N,N,,,Y,,N,1288,0,,0,0,0,0,0,N,N,0,,-1,,1,,,63bbc2c2c61b5900205e5d8f,,入門版,-1,+0,388,0,,0,0,0,0,0,0,1,,,,WD0002494,63bbc2c2c61b5900205e5d98,Primary,bae16e91b80b25256a12943dcbb93e90,87fc633ce62e3f29e30cdd3843d49600
63b7acb9c99cce001d3e19c3,,,,,,,,,,,,,,,,,,,,,,,,,,,,,,,,,,63bbc2c2c61b5900205e5d90,,豪華版,0,+0,1288,0,,0,0,0,0,0,0,1,,,,WD0002495,63bbc2c2c61b5900205e5d9d,Primary,f2163ea62c717f1ebdc05fad2908a75e,d5085f5d10eb6529ec555f83ae77bb7a
63b7ad3b367e1400235a5039,Mystery Bag Female Clitoral Sucker,【幸運福袋】女士吸啜器福袋,,"女士吸啜器幸運福袋保證總值至少$1000 以上。

$888: 女士吸啜器 x1 (有機會得到Womanizer Classic 2 陰蒂愉悅吸啜器)

*此商品不適用於即日門市自取的送貨方式。",Mystery Bag Female Clitoral Sucker,【幸運福袋】女士吸啜器福袋,,,,N,N,,,Y,,N,888,0,,0,0,0,0,0,N,,0,,0,+0,1,,,,,,,,,,,,,,,,,,,,,WD0002496,63b7ad3b367e1400235a503d,Primary,83b66a24d95f0efac02cc34af997159a,a5b66c14c23d63bf55cd47e24631f584
63b7ad9c439784001d000c6f,Mystery Bag Partner Box,【幸運福袋】情侶福袋,,"情侶幸運福袋保證總值$1088至$1788。

$888: 情侶玩具 x1 (有機會得到Je Joue The Nice and Naughty Gift Set Naughty Collection 四合一套裝禮盒)

*此商品不適用於即日門市自取的送貨方式。",Mystery Bag Partner Box,【幸運福袋】情侶福袋,,,,N,N,,,Y,,N,888,0,,0,0,0,0,0,N,,0,,-1,+0,1,,,,,,,,,,,,,,,,,,,,,WD0002497,63b7ad9d439784001d000c73,Primary,b88159e184f1a42acbeb374cf7c9cea6,2e99ca7cd38ea244ef61404de49ef404
63b7ae64a942be001df5da6f,Mystery Bag Male Electric Masturbation Cup (Standard/Deluxe),【幸運福袋】男士電動飛機杯福袋 (入門版/豪華版),,"男士系列電動飛機杯幸運福袋入門版保證總值至少$788。
男士系列電動飛機杯幸運福袋入門版保證總值至少$1288。

入門版$588: 電動飛機杯 x1 (有機會得到Erocome Antlia 唧筒座 仿口愛夾縮吸啜電動飛機杯 黑色)
豪華版$1088: 電動飛機杯 x1 (有機會得到Otouch Inscup 2 加熱吸啜電動飛機杯)

*此商品不適用於即日門市自取的送貨方式。",Mystery Bag Male Electric Masturbation Cup (Standard/De,【幸運福袋】男士電動飛機杯福袋 (入門版/豪華版),,,,N,N,,,Y,,N,1088,0,,0,0,0,0,0,N,N,0,,0,,1,,,63bbd64bf0be69000e923227,,入門版,0,+0,588,0,,0,0,0,0,0,0,1,,,,WD0002498,63bbd64bf0be69000e923230,Primary,6ae571014eae39cf68036299ae9bd202,3d07636a0f7637b6a60fd0cf7c4ac127
63b7ae64a942be001df5da6f,,,,,,,,,,,,,,,,,,,,,,,,,,,,,,,,,,63bbd64bf0be69000e923228,,豪華版,0,+0,1088,0,,0,0,0,0,0,0,1,,,,WD0002499,63bbd64bf0be69000e923235,Primary,3ebd4cad07b7f6a594cdb8e19b1f1a3e,0ae5bfb389709523e5f3d50aff8751f4
63b7aeed7df58000176a6b93,Mystery Bag Porn Star Anaholes,【幸運福袋】男士名器福袋 (女優版),,"男士系列幸運福袋保證總值至少$500。

$388: 女優名器 x1 (有機會得到KMP FOXY HOLE Plus 稻場流花 女優名器飛機杯)

*此商品不適用於即日門市自取的送貨方式。",Mystery Bag Porn Star Anaholes,【幸運福袋】男士名器福袋 (女優版),,,,N,N,,,Y,,N,388,0,,0,0,0,0,0,N,,0,,-2,+0,1,,,,,,,,,,,,,,,,,,,,,WD0002500,63b7aeee7df58000176a6b97,Primary,c45d25e6796f673d0eb2d82b3aabd194,70341a8fc3d4416340bca5fa47672a83
63b7af404397840017000c9c,Mystery Bag Anime Anaholes,【幸運福袋】男士名器福袋 (動漫版),,"動漫名器幸運福袋保證總值至少$500。

$388: 動漫名器 x1 (有機會得到Toys Heart 魅惑的大姊 聰明女狐系 動漫飛機杯)

*此商品不適用於即日門市自取的送貨方式。",Mystery Bag Anime Anaholes,【幸運福袋】男士名器福袋 (動漫版),,,,N,N,,,Y,,N,388,0,,0,0,0,0,0,N,,0,,-6,+0,1,,,,,,,,,,,,,,,,,,,,,WD0002501,63b7af414397840017000ca0,Primary,f68eef19359fe5e8de4df4364ca48947,62b5ab16315bc93c1864bd7cda3ef4d9
63b7af77ffdea5001d05f694,Mystery Bag BDSM,【幸運福袋】BDSM福袋,,"$388: BDSM用品

*此商品不適用於即日門市自取的送貨方式。",Mystery Bag BDSM,【幸運福袋】BDSM福袋,,,,N,N,,,Y,,N,388,0,,0,0,0,0,0,N,,0,,0,+0,1,,,,,,,,,,,,,,,,,,,,,WD0002502,63b7af77ffdea5001d05f698,Primary,b33ba37d20a4f658f7b35ff9a31347ed,e4014b7dcb27f5dfcc8dca0fb3392153
63b7afd3e27537000e423115,Mystery Bag Anal Products,【幸運福袋】後庭福袋,,"$388: 後庭用品

*此商品不適用於即日門市自取的送貨方式。",Mystery Bag Anal Products,【幸運福袋】後庭福袋,,,,N,N,,,Y,,N,388,0,,0,0,0,0,0,N,,0,,0,+0,1,,,,,,,,,,,,,,,,,,,,,WD0002503,63b7afd3e27537000e423119,Primary,a6dea0f9cd1db3181d69cc13e2da50ca,2337c8367532386b4c8b47d47f048a1a
63bba45b2630730020896e96,SN-430 Sex Slave Training,SN-430 性奴調教,"Size: One size fits everyone
*Stockings not included","大小：一個尺寸適合所有人
* 不含絲襪/網襪",SN-430 Sex Slave Training,SN-430 性奴調教,Size: One size fits everyone,大小：一個尺寸適合所有人,"SN-430,性奴調教,性奴,調教,Sex Slave,Training,Naughty Clothes,",N,Y,"This product is a pre-order product. It will arrive in about 7-14 working days, thank you for your patient! (AVAILABLE does not mean in stock)",此商品為預購商品，大約7-14工作天到貨，請耐心等候♡（尚有庫存不代表有現貨）,Y,Sexy Night,N,199,0,,0,0,0,0,0,N,,79.6,,0,+0,1,,,,,,,,,,,,,,,,,,,,,98000301,63bba45c2630730020896e9c,Primary,3d8aa9648369ec3145aeafe8add42810,ac915741eb11cff1d9237faa5b03dc3a
63bbbeff4805da001715c440,SN-153 Love Bunny Girl (Red),SN-153 情迷兔女郎 (紅色),,,SN-153 Love Bunny Girl (Red),SN-153 情迷兔女郎 (紅色),Free SizeProduct made in China,均碼產地：中國,,N,Y,"This product is a pre-order product. It will arrive in about 7-14 working days, thank you for your patient! (AVAILABLE does not mean in stock)",此商品為預購商品，大約7-14工作天到貨，請耐心等候♡（尚有庫存不代表有現貨）,Y,Sexy Night,N,228,0,,0,0,0,0,0,N,,68.4,,0,+0,1,,,,,,,,,,,,,,,,,,,,,15268889,63bbbf004805da001715c447,Primary,8c8b490adbc346a20268052f1f65bd0d,579244b2a7b304f15a2e3969971ff7d0
63bce503b870db001ab3e416,We-Vibe Sync 2 (Indigo/ Purple/ Pink),We-Vibe Sync 2 情侶共用震動器 (靛藍色/ 紫色/ 粉紅色),,,We-Vibe Sync 2 (Indigo/ Purple/ Pink),We-Vibe Sync 2 情侶共用震動器 (靛藍色/ 紫色/ 粉紅色),"Waterproof IPX7Enjoy in a bath or shower with IPX7 waterproofingUSB rechargeableEasy, fast and reliable recharging with USB cableWhisper quietNear-silent yet powerful whisper quiet vibrationsErgonomic shapeDesigned &amp; shaped to",Sync 是一款配備強勁震動功能的免提式情侶震動器。進行親密接觸時佩戴 Sync，即可安心享受最恰到好處的陰蒂和 G 點刺激體驗。透過 We-Connect™ 即可隨時隨地操作 Sync、分享操作權限，並可因應需要作調整，包括選用獨家的節拍和輕觸模式。產品特色:可按體型調節​型格的二合一充電儲存盒，方便隨時攜 帶 Sync 外遊先進遙控功能防水2 小時內完成充電操作時間長達 90 分鐘靜音操作充電提示透過 We-Connect™ 應用程式使用獨家的輕觸及節,,N,N,,,N,,N,1180,0,,0,0,0,0,0,N,Y,551,,8,,0,,,63bce503b870db001ab3e410,Indigo,靛藍色,3,+0,價格一致,價格一致,價格一致,價格一致,價格一致,價格一致,價格一致,價格一致,價格一致,0,WD0002504,,,4251460619332,63bce504b870db001ab3e420,Primary,e504b43ec197c1d4d108a34e257c5388,14562d767a43c9f769b5614a55b411fd
63bce503b870db001ab3e416,,,,,,,,,,,,,,,,,,,,,,,,,,,,,,,,,,63bce503b870db001ab3e411,Purple,紫色,3,+0,價格一致,價格一致,價格一致,價格一致,價格一致,價格一致,價格一致,價格一致,價格一致,0,WD0002505,,,4251460619356,63bce504b870db001ab3e425,Primary,3c63e42af6321bf39db80713d6edf5b6,65202cc72c5e4f324524e010e050a75e
63bce503b870db001ab3e416,,,,,,,,,,,,,,,,,,,,,,,,,,,,,,,,,,63bce503b870db001ab3e412,Pink,粉紅色,2,+0,價格一致,價格一致,價格一致,價格一致,價格一致,價格一致,價格一致,價格一致,價格一致,0,WD0002506,,,4251460619349,63bce504b870db001ab3e42a,Primary,7b2d213f3842c40794fa82c55f1c1bd4,6ff81e4d69fb88d8314e15bfb27e3bee
63bd03c5e1b72600233162a6,PLAY & JOY POWERMAN Maca Vitality Capsules,PLAY & JOY POWERMAN 瑪卡活力膠囊,,,PLAY & JOY POWERMAN Maca Vitality Capsules,PLAY & JOY POWERMAN 瑪卡活力膠囊,"How to eat:Take 1-2 capsules after breakfast and dinner every day, and you can increase or decrease according to your physical fitness.preservation method:Please store in a cool and dry place, avoid direct sunlight, and consume as",食用方式：每日早晚飯後1-2顆，可依個人體質酌量增減。保存方法：請存放於陰涼乾燥處，避免陽光直射，打開鋁箔封膜後應盡快食用完畢。注意事項：請依循每日建議量食用，多食無益。特殊疾病者、體質過敏者及服用藥物者，食用前請先諮詢醫師。食用後若有身體不適症狀，請立即停用本產品並諮詢醫師。內容：570毫克/顆 30顆/盒（食品）膠囊成分：明膠、食用紅色六號、二氧化鈦、甘油、硫酸月桂酯鈉、食用監色一號、純水成分：L-精胺酸、馬卡粉、微結晶狀a – 纖維素、紅景天萃取物(,,N,N,,,Y,PLAY JOY,N,328,0,,0,0,0,0,0,N,,158,WD0002515,15,+0,1,,,,,,,,,,,,,,,,,,,,,4710243540503,63bd03c5e1b72600233162ab,Primary,c5461a041ae661512070d47eaa1871f9,005b6436a5cfa2490627ac33369cbdd9
63be3b798bed76000e226935,OUCH Subversion Mask Dark,OUCH Subversion 黑色面罩,,,OUCH Subversion Mask Dark,OUCH Subversion 黑色面罩,Make sure that your slave remains incognito with this Subversion mask. This comfortable mask with an opening for the mouth and the eyes is designed to be able to be stretched over the entire head. The lightweight fabric is breatha,確保您的奴隸使用此 Subversion 面罩保持隱身狀態。這款舒適的面罩帶有嘴部和眼睛開口，設計成能夠伸展到整個頭部。輕質面料透氣，聽力沒有問題，最好的是……您的奴隸仍然可以看到您，仍然可以使用他或她的嘴巴！材質：氨綸重量：60克顏色：黑色,,N,N,,,N,OUCH,N,218,0,,0,0,0,0,0,N,,74.7,WD0002509,3,+0,1,,,,,,,,,,,,,,,,,,,,,8714273949523,63be3b798bed76000e226939,Primary,2f89965910c3238a24d2453bc72b666a,8717810b58c9a65fbe56a76e6a0302a0
63be419c38835a000e4b0d5b,Ero By Hot Long Time Delay Spray,Ero By Hot 延時噴霧,,,Ero By Hot Long Time Delay Spray,Ero By Hot 延時噴霧,Long Time delay spray prolongs pleasure for an even more enjoyable love play. The spray contains nurturing oil and does not contain narcotics such as lidocaine or benzocaine. The special combination of cooling and suppressing natu,Ero By Hot 延時噴霧可延長愉悅感，帶來更愉快的愛情遊戲。噴霧含有滋養油，不含利多卡因或苯佐卡因等麻醉劑。冷卻和抑制天然提取物的特殊組合為用戶提供全新的感覺並延遲性高潮以確保您可以保持更長時間。成分：酒精、水（水）、甘油、泛醇、桉樹葉油、冰毒葉油、薄荷醇、檸檬烯重量：76克內容量：50 毫升,,N,N,,,N,Ero By Hot,N,108,0,,0,0,0,0,0,N,,43,WD0002263,5,+0,1,,,,,,,,,,,,,,,,,,,77305,,4042342003109,63be419c38835a000e4b0d5f,Primary,f63ff9e2496f2e76406a1ceeefbb3c5e,e4f899a0e894a8fe7cce44b51960f5ff
63be5d129ad855001418f536,BESIRED Suspender Body Marella,BESIRED 網面緊身連身衣,,,BESIRED Suspender Body Marella,BESIRED 網面緊身連身衣,"Enjoy this fantastic and dazzling collection. Each piece is designed to make your body feel free and daring, the fabric has patterns that highlight your most sensual parts to make you feel irresistible. Come and dare to feel more ",享受這個奇妙而令人眼花繚亂的收藏。每件單品都旨在讓您的身體感到自由和大膽，面料上的圖案突出了您最性感的部位，讓您感到無法抗拒。快來感受比以往任何時候都更有吸引力和力量。這款壯觀的緊身連身衣配有內置吊襪帶，可在您的身體上勾勒出性感線條。面料非常柔軟有彈性，沒有封口，讓您感覺非常舒適。網眼圖案和孔洞凸顯您的身材，讓您盡情發揮想像力。為那個特殊的日子帶來大膽的觸感。材質：92% 聚酰胺，8% 彈性纖維重量：45克,,N,N,,,N,BESIRED,N,158,0,,0,0,0,0,0,N,,50,WD0002521,4,+0,1,,,,,,,,,,,,,,,,,,,,,8719934008687,63be5d139ad855001418f53b,Primary,105d3c8773c7b92d7ca15429e4fb193d,a0d9937dcb819189cc6a46172357ac69
63be5feef602dc0017b76709,BESIRED Lora 2 Piece Set Black,BESIRED Lora 內衣套裝 黑色,,,BESIRED Lora 2 Piece Set Black,BESIRED Lora 內衣套裝 黑色,"Enjoy this fantastic and dazzling collection. Each piece is designed to make your body feel free and daring, the fabric has patterns that highlight your most sensual parts to make you feel irresistible. Come and dare to feel more ",享受這個奇妙而令人眼花繚亂的收藏。每件單品都旨在讓您的身體感到自由和大膽，面料上的圖案突出了您最性感的部位，讓您感到無法抗拒。快來感受比以往任何時候都更有吸引力和力量。這款令人驚嘆的內衣套裝露臍上衣是您衣櫥的必備單品。它完美貼合您的身體，柔軟而有彈性的面料也讓這款套裝非常適合日常穿著。帶孔的透明網狀圖案會讓您感覺非常靈活和性感。材質：92% 聚酰胺，8% 彈性纖維重量：45克,,N,N,,,N,BESIRED,N,168,0,,0,0,0,0,0,N,,50,WD0002520,4,+0,1,,,,,,,,,,,,,,,,,,,,,8719934008656,63be5feef602dc0017b7670d,Primary,41dac4b319ecf1670673ec429e457fcd,26861d2cd753513dc911fbe3f1232ada
63be65059ad855002018f86f,TENGA Valentine's Special shape Chocolate 2023 Edition,【2023情人節限定】TENGA 飛機杯造型 牛奶朱古力,"This year, ""TENGA Chocolate has updated the nostalgic packaging design and image visual effects with the concept of the nostalgic Giri TENGA theme ""Retro"". This is a 100% milk chocolate that focuses not only on design but also on taste.","今年情人節來了！非常受歡迎的 2023 限定版朱古力更美味的回歸！
享受三款更有口感更有味道的朱古力！
今年向你重視的人用TENGA朱古力表達你的感激之情！",Valentine's Special Tenga Chocolate,【2023情人節限定】TENGA 飛機杯造型 牛奶朱古力,,認識 TENGA 的人，大概都知道他們最經典的產品的造型。適逢 2 月 14 日情人節即將來臨，日本知名成人用品品牌 TENGA 情人節限定朱古力！ TENGA近年不斷推出其他產品，早前出過TENGA紙巾筒、TENGA紙巾帽同TENGA型花炮等特別周邊產品。繼上年TENGA情人節出過朱古力，反應相當良好，決定延續慨念今年又出朱古力。今年的朱古力是飛機杯造型的迷你牛奶含量豐富的朱古力，總共有三種口味選擇，分別有原味朱古力、士多啤梨及咖啡味。,"TENGA Valentine's Chocolate , Valentine's day, Valentine's day Chocolate, tenga, tenga chocolate",N,Y,"Pre-order, start shipping from end of January 2023",預購中，預計 2023年1月尾起發貨,Y,TENGA,N,79,68,,0,0,0,0,0,N,Y,30,,-65,,1,,,63be65059ad855002018f869,Crispy Chocolate,脆脆可可,-27,+0,價格一致,價格一致,價格一致,價格一致,價格一致,價格一致,價格一致,價格一致,價格一致,1,WD0000004,,,98498054,63be65069ad855002018f879,Primary,ca012e83fa150d32d6564b0912224e10,c30449d33ac74fbdb5b04187d72c6df1
63be65059ad855002018f86f,,,,,,,,,,,,,,,,,,,,,,,,,,,,,,,,,,63be65059ad855002018f86a,Strawberry Granules,士多啤梨粒,-21,+0,價格一致,價格一致,價格一致,價格一致,價格一致,價格一致,價格一致,價格一致,價格一致,1,WD0000005,,,88407257,63be65069ad855002018f87e,Primary,b4464af1ffd1f83d62804cb843f307ff,b0c45d1595a222be57c56daa21571dc5
63be65059ad855002018f86f,,,,,,,,,,,,,,,,,,,,,,,,,,,,,,,,,,63be65059ad855002018f86b,Crispy Lemon,脆脆檸檬,-17,+0,價格一致,價格一致,價格一致,價格一致,價格一致,價格一致,價格一致,價格一致,價格一致,1,WD0000006,,,83431619,63be65069ad855002018f883,Primary,2d3a2e204778be00d9890bc71d73fa9b,cd4fc67a8cd482a4b1d41412415b5a25
63be65850fbe66001a85ea4e,OUCH Costas 2 Chest Harness,OUCH Costas 2 胸帶,,,OUCH Costas 2 Chest Harness,OUCH Costas 2 胸帶,"Get a really good grip from all sides with this super-strong harness! With three big metal o-rings on the front as well as on the back, you are spoilt for choice when you want to hook up! At the back there 2 metals buckles for eas",使用這款超強的安全帶，從各個方面獲得真正的抓地力！正面和背面都有三個大金屬 O 形環，當您想要連接時，您有多種選擇！背面有 2 個金屬扣，可輕鬆調節至合適的尺寸。每個 O 形圈有 6 個鉚釘，使安全帶值得信賴且堅固！連接從未如此簡單！材料：皮革、金屬重量：584克,,N,N,,,N,OUCH,N,378,0,,0,0,0,0,0,N,,150,WD0002517,2,+0,1,,,,,,,,,,,,,,,,,,,,,8714273291257,63be65860fbe66001a85ea52,Primary,299688d0d75f1c7ff6ab9569ba0a5524,8d7da69a49200cbcb6cb12f7f32a91d4
63be67cdc0875a0011beec1c,OUCH Chara Breast Harness,OUCH Chara 胸帶,,,OUCH Chara Breast Harness,OUCH Chara 胸帶,"You will look tough as nails with this bonded leather strap, open cup bra, enhanced by a variety of metal accents! Three comfortable bonded leather straps, connected by big o-rings, form a supporting bra cup on each side. Both cup",穿上這款粘合皮革肩帶、開口胸罩，各種金屬點綴讓您看起來堅韌如釘！三個舒適的粘合皮革肩帶由大 O 形環連接，在每一側形成一個支撐文胸罩杯。兩個杯子都通過一條粘合皮革錶帶連接到一條性感的粘合皮革項鍊上。背面的肩帶可調節，完美貼合。你準備好迎接這個真正不修邊幅的合奏了嗎？,,N,N,,,N,OUCH,N,298,0,,0,0,0,0,0,N,,115.2,WD0002516,3,+0,1,,,,,,,,,,,,,,,,,,,,,8714273291042,63be67cdc0875a0011beec20,Primary,7bd8d951fee1b61ba93ecb73f7d9ccc8,2859e51c25d65a4e28d63f828eb10ccd
63be696c88fe76000eb12b8f,OUCH Adonis Chest Harness,OUCH Adonis 胸帶,,,OUCH Adonis Chest Harness,OUCH Adonis 胸帶,"This beautiful harness will make you look the part for when it really matters! With 4 bonded leather straps connected at the front as well as at the back by 2 big o-rings, this harness is a feast for the eyes! The well crafted riv",這款漂亮的背帶會讓您在真正重要的時候看起來很重要！正面有 4 條粘合皮革肩帶，背面有 2 個大 O 形環，這款背帶絕對是視覺盛宴！優質粘合皮革錶帶上精心製作的鉚釘為這款漂亮的設備畫龍點睛！連接從未如此簡單！材料：皮革，金屬重量：380克,,N,N,,,N,OUCH,N,368,0,,0,0,0,0,0,N,,142,WD0002515,2,+0,1,,,,,,,,,,,,,,,,,,,,,8714273291189,63be696c88fe76000eb12b93,Primary,019b49fdc2d64a6cf4f14a7f0abffdc8,086156a3c29eb8b173145063d67c1b3f
63be6c72c2f4d10014c71e47,OUCH Claudia Bondage Harness,OUCH Claudia 束縛帶,,,OUCH Claudia Bondage Harness,OUCH Claudia 束縛帶,"Sometimes less is more, and this sexy bonded leather harness is there to prove it! With three horizontal leather straps, joined together with big metal o-rings at the front and the back by just one vertical bonded leather strap, t",有時少即是多，這款性感的粘合皮革背帶就是證明！三個皮革錶帶，僅通過一條垂直粘合皮革錶帶與正面和背面的大金屬 O 形環連接在一起，這個小數字非常有個性！作為畫龍點睛之筆，V 領帶同樣位於正面和背面，使這款不修邊幅的套裝更加完美！粘合皮革從未如此好看！材料：皮革，金屬重量：435克,,N,N,,,N,OUCH,N,418,0,,0,0,0,0,0,N,,164.34,WD0002514,3,+0,1,,,,,,,,,,,,,,,,,,,,,8714273291110,63be6c73c2f4d10014c71e4b,Primary,3ce484338c4828d0a64ffa81271091af,97f20ad8683fffda29cc86e6de8924ae
63be6ebe21e7ed000e658fe1,Ero by Hot Long Power Marathon Cream 30ml,Ero by Hot 持久延時增大膏 30ml,,,Ero by Hot Long Power Marathon Cream 30ml,Ero by Hot 持久延時增大膏 30ml,"What man doesnt want it? For more stamina &amp; power in erotic lovepla and for a fulfilling love life. Avoid contact with eyes. Discontinue use if redness, burning or irritation occurs. Do not use the product on damaged skin. The",哪個男人不想要？在色情愛情遊戲中獲得更多的耐力和力量，並獲得充實的愛情生活。避免接觸眼睛。如果出現發紅、灼痛或刺激，請停止使用。請勿在受損皮膚上使用該產品。期望的結果可能因人而異。成分：aqua（水）、鯨蠟硬脂醇異壬酸酯、鯨蠟硬脂醇、ceteareth-20、聚二甲基矽氧烷、甘油、棕櫚酸十六酯、普通小麥（小麥）胚芽油、香草基丁基醚、向日葵（向日葵）籽油、山梨糖醇、生育酚乙酸酯、丙烯乙二醇，黃原膠，亞油酸甘油酯，苯氧乙醇，甲基異噻唑啉酮，辣椒樹脂，辣椒提取物,,N,N,,,N,Ero by Hot,N,138,0,,0,0,0,0,0,N,,43,WD0002510,6,+0,1,,,,,,,,,,,,,,,,,,,,,4042342002379,63be6ebf21e7ed000e658fe6,Primary,e175e74669f4b6113b88380f5944dbc8,71aec6c8349444d48fdb746c8451a85e
63be7137787a2c00116fa622,Ero By Hot Backside Anal Whitening Cream,Ero By Hot Backside 後庭美白膏,,,Ero By Hot Backside Anal Whitening Cream,Ero By Hot Backside 後庭美白膏,Lightening your anus is an ongoing trend. This backside anal whitening cream is a high-quality cream for sensitive skin specially designed to whiten the area around the anus. It has a special bleaching complex and greasing ingredi,"減輕肛門重量是一種持續的趨勢。這款臀部美白霜是專為肛門周圍區域美白而設計的高品質敏感性皮膚霜。它具有特殊的漂白複合物和潤滑成分。成分：aqua（水），硬脂酸乙基己酯，甘油，硬脂酸甘油酯，異十六烷，ceteareth-12，ceteareth-20，苯氧乙醇，卡波姆，酒精denta。，生育酚乙酸酯，煙酰胺，氫氧化鈉，香水（香料），苯甲醇，尿囊素, 乙基己基甘油, 鋅 pca, 乙二胺四乙酸二鈉, 泛醇, 戊基肉桂醛, 小球藻/白羽扇豆蛋白髮酵物, 旱金蓮花/",,N,N,,,N,Ero By Hot,N,188,0,,0,0,0,0,0,N,,75,WD0002511,6,+0,1,,,,,,,,,,,,,,,,,,,,,4042342003581,63be7137787a2c00116fa626,Primary,52bdcf6433bd190796e4ad36a16b21ce,8a5610a0063c1e3f93d8769e6cbf8167
63be7255a3524f00111e7751,Bijoux Indiscrets Mimi Nipple Covers (Silver/Black),Bijoux Indiscrets Mimi 乳貼 (銀色/黑色),,,Bijoux Indiscrets Mimi Nipple Covers (Silver/Black),Bijoux Indiscrets Mimi 乳貼 (銀色/黑色),The Mimi nipple stickers from the Bijoux Indiscrets collection make your breasts look irresistible. The nipple stickers are available in various colors and they are very easy to use. Clean your nipples and the skin around it prope,Bijoux Indiscrets 系列的 Mimi 乳貼讓您的乳房看起來無法抗拒。乳貼有多種顏色可供選擇，使用起來非常方便。正確清潔乳頭及其周圍的皮膚，撕下箔紙並將貼紙貼到位。將它們穿在透明衣服下或與開杯內衣套裝搭配，打造您的性感造型，讓您的伴侶驚喜！材質：塑料重量：30克,,N,N,,,N,Bijoux Indiscrets,N,115,0,,0,0,0,0,0,N,Y,38.5,,6,,1,,,63c116ecc0ba870020c1bdf6,,銀色,4,+0,價格一致,價格一致,價格一致,價格一致,價格一致,價格一致,價格一致,價格一致,價格一致,0,WD0002512,,,8437008001173,63c116edc0ba870020c1bdff,Primary,e302d6ab26f5f018214677c0d257d7ba,cb6b704c30c003fb3c05c72967dbdaa8
63be7255a3524f00111e7751,,,,,,,,,,,,,,,,,,,,,,,,,,,,,,,,,,63c116ecc0ba870020c1bdf7,,黑色,2,+0,價格一致,價格一致,價格一致,價格一致,價格一致,價格一致,價格一致,價格一致,價格一致,0,WD0002490,,,8437008001074,63c116edc0ba870020c1be04,Primary,995a139bd36d60c22b6cc0f3d0a25512,8acf9b55be6ce320e44f0cd923af1139
63be74d113ecb30011484555,OUCH Andres Chest Harness,OUCH Andres 胸帶,,,OUCH Andres Chest Harness,OUCH Andres 胸帶,"Taking the male harness a step further, this one will get you admiring and lustful eyes from all sides! With two big o-rings, connected by a bonded leather strap, the harness comes with two leather strap connections over the body!",男用背帶更上一層樓，這件絕對讓你刮目相看！帶有兩個大 O 形環，由粘合皮革帶連接，背帶在身體上配有兩個皮革帶連接！舒適地坐在手臂下方和下半身區域，有 3 個金屬扣，便於調節。優質粘合皮革錶帶上精心製作的鉚釘為這款漂亮的設備畫龍點睛！連接從未如此簡單！材料：皮革，金屬重量：576克,,N,N,,,N,Ouch,N,448,0,,0,0,0,0,0,N,,172.8,WD0002513,2,+0,1,,,,,,,,,,,,,,,,,,,,,8714273291264,63be74d213ecb30011484559,Primary,30304afc844fdc06886796551336964a,1639c86af8d8b0941703ca8414ba9f5a
63bf949d556aa81ba3178d01,"Reason why nudity; emphasizing integration with nature, encouraging respect among people",裸體為什麼要理由 ； 強調與大自然融合，鼓勵人與人之間的尊重,,,"Reason why nudity; emphasizing integration with nature,",裸體為什麼要理由 ； 強調與大自然融合，鼓勵人與人之間的尊重,"Why You Should Be Naked - the first book in Taiwan where celestial body lovers tell their thoughts about celestial body experience.Everyone has their own way of leisure. Some people go golfing, some go traveling, and nudist lovers",裸體為什麼要理由 ； 強調與大自然融合，鼓勵人與人之間的尊重 - 台灣第一本天體愛好者訴說天體體驗的書。每個人都有自己的休閒方式。有些人去打高爾夫球，有些人去旅行，裸體愛好者去大自然裸體。它們都是放鬆身心、緩解壓力、重新喚醒生活動力的方式。他們應該受到尊重。通過本書的 12 篇文章，真正參加過天體營的愛好者表達了自己不後悔天體的方式。圖文並茂，講述了個人的天體之旅。讓讀者了解天文愛好者的選擇，也是公民教育的一部分：應尊重少數族裔的生存權利。,,N,N,,,N,,N,198,0,,0,0,0,0,0,N,,76,WD0002534,2,+0,1,,,,,,,,,,,,,,,,,,,,,9789864434107,63bf949d556aa81ba3178d05,Primary,569eca21d45c737a11a3725f4595ddbb,9d86506daa985736f392443c38e51c68
63bfac04f16e550011aa810c,NPG Gekishine Kitou Vibro Masturbator Black,NPG Gekishine Kitou 震動按摩棒 黑色,,,NPG Gekishine Kitou Vibro Masturbator Black,NPG Gekishine Kitou 震動按摩棒 黑色,Powerful vibration of 10 kinds of patterns! The powerful twin rotor hits the back muscles directly! Easy operation and ideal for daily training.It is recommended to use lotion for sensitive areas. Advanced players can also take on,10 種花樣的強力震動！強勁的雙旋翼直擊背部肌肉！操作簡單，適合日常訓練。敏感部位建議使用乳液。高級玩家也可以在沒有乳液的情況下接受艱鉅的挑戰。輕巧小巧，轉動、按壓、摩擦等自由度高！產品尺寸：170 x 55 x 55 mm產品重量：125g連盒尺寸：185 x 70 x 70 mm附件：充電專用 USB 數據線,,N,N,,,N,NPG,N,478,0,,0,0,0,0,0,N,,192,WD0002530,4,+0,1,,,,,,,,,,,,,,,,,,,,,4571165976609,63bfac04f16e550011aa8111,Primary,bf3a18aa132622934f87147bff47b7e3,b8182ca5d1769ddefa6ee55ecf74023b
63bfb8626a1a7b0023cf85cf,SVAKOM Pulse Lite Neo (Pale Rosette/Seafoam Blue/Lavender),SVAKOM Pulse Lite Neo APP無線控制吸啜器 (淺粉紅/海洋藍/薰衣草),,,SVAKOM Pulse Lite Neo (Pale Rosette/Seafoam Blue/Lavend,SVAKOM Pulse Lite Neo APP無線控制吸啜器 (淺粉紅/海洋藍/薰衣草),"Relax and enjoy the soothing waves of blissful satisfaction. Pulse Lite Neo offers an enhanced experience in the world of suction, combining Pulse Technology with SVAKOM’s innovative interactive technology; a world of possibilitie",放鬆並享受舒緩的幸福滿足感。 Pulse Lite Neo 將 Pulse Technology 與 SVAKOM 的創新互動技術相結合，在吸力世界中提供增強的體驗；一個充滿可能性的世界等待著您。SVAKOM Pulse Lite Neo 壓力波陰蒂刺激器採用脈衝技術！ SVAKOM 的最新專利技術很高興向您展示它的功能。更深、更好、更強。 Pulse Technology 將吸力刺激直達您的核心部位，讓您獲得無語的美妙體驗。讓 Pulse Lite Ne,,N,N,,,N,SVAKOM,N,468,0,,0,0,0,0,0,N,Y,188,,18,,0,,,63bfb8626a1a7b0023cf85c9,Pale Rosette,淺粉紅,6,+0,價格一致,價格一致,價格一致,價格一致,價格一致,價格一致,價格一致,價格一致,價格一致,0,WD0002531,,,6959633134429,63bfb8636a1a7b0023cf85d9,Primary,942ede5c59012742ed3262b13189a8a4,b3453458b1a84821690cefb2ac857784
63bfb8626a1a7b0023cf85cf,,,,,,,,,,,,,,,,,,,,,,,,,,,,,,,,,,63bfb8626a1a7b0023cf85ca,Seafoam Blue,海洋藍,6,+0,價格一致,價格一致,價格一致,價格一致,價格一致,價格一致,價格一致,價格一致,價格一致,0,WD0002532,,,6959633101193,63bfb8636a1a7b0023cf85de,Primary,75316ae5d50d5a8eb441faf4eb667193,44ead6a4f70e4c38e56bb810d065cfe4
63bfb8626a1a7b0023cf85cf,,,,,,,,,,,,,,,,,,,,,,,,,,,,,,,,,,63bfb8626a1a7b0023cf85cb,Lavender,薰衣草,6,+0,價格一致,價格一致,價格一致,價格一致,價格一致,價格一致,價格一致,價格一致,價格一致,0,WD0002533,,,6959633135464,63bfb8636a1a7b0023cf85e3,Primary,e9439ac162af2abac63f873801c2911f,267cb4ea0dc62fcf548e3b6cd3937675
63bfc81dac2aba001aeaab26,NPG Riona Third 3 Dirty Sisters Anime Masturbator,NPG 三女莉央奈 色情三姊妹 動漫名器飛機杯,,,NPG Riona Third 3 Dirty Sisters Anime Masturbator,NPG 三女莉央奈 色情三姊妹 動漫名器飛機杯,"Daily sex with 3 lewd sisters is Kanon, the eldest sister who is kind and like a big sister, Nina, the second daughter who has an impressive and cheeky face, and Riona, the third daughter who speaks and acts like a small devil.  I",每天與 3 個好色姊妹發生性關係，分別是像姐姐一樣善良的長女花音，有著令人印象深刻的厚顏無恥的二女兒仁菜，以及說話和行為像小惡魔一樣的三女兒莉央奈。  它是一種小型非穿透式自慰器。 採用可緊密拉伸的高彈性材料，您可以通過自己的抓握來調節刺激！  莉央奈是 3 個色情和獨特的色情三姊妹中最小的一個。 將你悸動的慾望釋放到咬得緊緊的、不鬆開棍子的淫穴裡！！ 在慢慢擴張狹小空間的同時，隨著陰莖向前移動，你會感到一種難以形容的快感。 一步步相連的內部，將陰莖深深地,,N,N,,,N,NPG,N,178,0,,0,0,0,0,0,N,,59,WD0002529,1,+0,1,,,,,,,,,,,,,,,,,,,,,4571536720725,63bfc81eac2aba001aeaab2c,Primary,bb27ddf465b9a51483856580a9aa50ae,c34bf9e14455a036cd0a0f2ba16ba27f
63bfcac57257d500174af66e,NPG Rikka Ono True Masterpiece 2 Masturbator Product,NPG 真名器 2 小野六花 女優名器飛機杯,,,NPG Rikka Ono True Masterpiece 2 Masturbator Product,NPG 真名器 2 小野六花 女優名器飛機杯,"A cute little Rikka Ono's Masterpiece series!  A sensational stroker with plenty of 800g of pressure and thin folds, sucker warts that tightens the glans, neck and tongue!  Product size: 190×110×95mm Item Weight: 800g Accessories:",小野六花的傑作系列！  一個聳人聽聞的飛機杯，具有 800g 的充足壓力和薄褶皺，吸盤可收緊龜頭！  產品尺寸：190×110×95mm 產品重量：800g 連盒尺寸：230×145×110mm 附送：潤滑液,,N,N,,,N,NPG,N,428,0,,0,0,0,0,0,N,,194,WD0002529,5,+0,1,,,,,,,,,,,,,,,,,,,,,4562160138758,63bfcac67257d500174af674,Primary,facf540b9021b3466ea4bf7bb43b3760,9d989f0202ebe98dbf7fb320966127ad
63bfce892acdbf001450bbbf,NPG Aika Yamagishi True 2 Holes Masturbator,NPG 極上生腰 山岸逢花 真雙穴 女優名器飛機杯,,,NPG Aika Yamagishi True 2 Holes Masturbator,NPG 極上生腰 山岸逢花 真雙穴 女優名器飛機杯,"Aika-chan's raw hips, which are so beautiful are completely reproduced with a thick 6kg!  A beautiful older sister Aika Yamagishi has a supple body that exudes a bewitching sex appeal, and a soft and beautiful buttocks that are bo",山岸逢花的臀部非常漂亮，6 公斤的厚重完全再現！  漂亮的姐姐山岸逢花，有著散發著妖嬈性感的柔軟身體，還有兼具陰道和肛門的柔軟美臀。  雙穴，雙層結構，不穿透  產品尺寸：230×280×180mm 產品重量：6200g 連盒尺寸：240×365×328mm 配件：潤滑液、海報,,N,N,,,N,NPG,N,2188,0,,0,0,0,0,0,N,,1009,WD0002528,2,+0,1,,,,,,,,,,,,,,,,,,,,,4562160138765,63bfce8a2acdbf001450bbc6,Primary,b856752586147d33deabd1958c8d6ca2,0efea2f2becd0325d53132e5804c26c6
63bfd1755b16720017219d9a,NPG Mina Kitano Awakening Masturbator,NPG 名器覺醒 北野未奈 女優名器飛機杯,,,NPG Mina Kitano Awakening Masturbator,NPG 名器覺醒 北野未奈 女優名器飛機杯,Crafted by leading Japanese adult toy brand Nippori Gift Mina Kitano masturbator is a fitting tribute to a woman who has quickly risen to the leading ranks of a competitive industry. The toy replicates the squishy feel of her skin,由領先的日本成人玩具品牌 Nippori Gift 打造的北野未奈飛機杯是對迅速上升到在競爭激烈的行業中處於領先地位。該飛機杯採用更柔軟的材料複製了她皮膚的柔軟感，同時又不影響她完美陰部的緊緻和緊貼陰莖的貼合度，它擁有許多狹窄的褶皺，每次推動都能刺激您的龜頭和陰莖。  雙重結構 非穿透性  產品尺寸：155×85×90mm 產品重量：500g 連盒尺寸：210×140×95mm 附送：化妝水,,N,N,,,N,NPG,N,338,0,,0,0,0,0,0,N,,100,WD0002527,6,+0,1,,,,,,,,,,,,,,,,,,,,,4562160138826,63bfd1755b16720017219d9e,Primary,4a00088541b604d5b40fa8d7b006a5d9,4b2a5bef41dc0d84e1b71f8a3e208889
63bfd75fb878790020599093,Liebe Seele Slut Choker Black,Liebe Seele Slut 頸圈 黑色,,,Liebe Seele Slut Choker Black,Liebe Seele Slut 頸圈 黑色,"The perfect choker does exist, the ideal combination of genuine leather and a shiny little gold word that will show, clearly, who is in absolute control.  Speechless.  Each one is 2.0cm in width and can vary in length from 31cm to",完美的頸圈確實存在，真皮和閃亮的金色小字的理想組合，可以清楚地表明誰處於絕對控制之中。  無語。  每個寬 2.0 厘米，長度從 31 厘米到 40 厘米不等,,N,N,,,N,Liebe Seele,N,278,0,,0,0,0,0,0,N,,136.52,WD0002522,2,+0,1,,,,,,,,,,,,,,,,,,,,,CL-80505BK,63bfd760b878790020599098,Primary,ac636225432cbffd3934986dccf35cba,4a83a6259dbf3b1e513d32a109479a54
63bfd8dc709de1001db5c451,Liebe Seele Bitch Choker Black,Liebe Seele Bitch 頸圈 黑色,,,Liebe Seele Bitch Choker Black,Liebe Seele Bitch 頸圈 黑色,"The perfect choker does exist, the ideal combination of genuine leather and a shiny little gold word that will show, clearly, who is in absolute control.  Speechless.  Each one is 2.0cm in width and can vary in length from 31cm to",完美的頸圈確實存在，真皮和閃亮的金色小字的理想組合，可以清楚地表明誰處於絕對控制之中。  無語。  每個寬 2.0cm，長度從 31cm 到 40cm 不等,,N,N,,,N,Liebe Seele,N,278,0,,0,0,0,0,0,N,,136.52,WD0001895,1,+0,1,,,,,,,,,,,,,,,,,,,,,CL-80481BK,63bfd8dc709de1001db5c456,Primary,b391abf3d9b8c98d58db200f3ae5c051,823d56f86234459fe05ef519f97682be
63c0cb4230450e0011b3b0b8,MyToys MySecret Finger White,MyToys Mysecret 手指吸啜震動器 白色,,,MyToys MySecret Finger White,MyToys Mysecret 手指吸啜震動器 白色,"MySecret Finger is a discreet egg with suction, vibration and finger-like motion functions. It combines 7 popular air pressure stimulation pattern and 10 exciting finger-like motions into a compact product allowing both internal a",MySecret Finger 是一款小巧的吸啜震動器，具有吸力、震動和類手指運動功能。它將 7 種流行的氣壓刺激模式和 10 種令人興奮的手指式運動結合到一個緊湊的產品中，可以同時刺激內部和陰蒂。   特徵： 時尚而低調的設計，具有吸力和手指震動功能用於刺激陰蒂和 G 點的兩個摩打用 10 個類似手指的動作刺激您的 G 點7 種吸引模式來呵護您的陰蒂 IPX6 防水可充電，隨附 USB 充電線  材質：對身體無害的矽膠和表面光滑的 ABS 尺寸：279 ,,N,N,,,Y,MyToys,N,338,0,,0,0,0,0,0,N,,155.61,WD0002508,10,+0,1,,,,,,,,,,,,,,,,,,,,,9504000162566,63c0cb4330450e0011b3b0be,Primary,c4f745ac2028e3fb7ec7359bcfa54dfe,b14c95f114e0d019cc9cfddc9aab2867
63c1057b4120b3001175fbc1,SYSTEM JO H2O LUBRICANT COCKTAILS MAI TAI,System Jo H2O 有機天然水性潤滑劑 雞尾酒 Mai Tai 味,,,SYSTEM JO H2O LUBRICANT COCKTAILS MAI TAI 60ml,System Jo H2O 有機天然水性潤滑劑 雞尾酒Mai Tai味 60ml,"Adult fun meets adult flavors in our water-based, Cocktail inspired flavored lubricants that feel as good as they taste. Perfect for any encounter, Cocktails flavored lubes can easily transition from oral to other types of play. W",在我們以雞尾酒為靈感的水基潤滑劑中，成人的樂趣與成人的味道相遇，感覺和味道一樣好。雞尾酒口味的潤滑油非常適合任何場合，可以輕鬆地從口服過渡到其他類型的遊戲。派對結束後，其絲滑配方可輕鬆清潔，令肌膚倍感柔軟滋潤。  - 水性調味潤滑劑 - 2oz 瓶裝 - 絲般光滑的手感和舒適的滑動感 - 不含糖或酒精 - 易於清潔 - 對大多數玩具和安全套都是安全的,,N,N,,,N,System Jo,N,120,0,,0,0,0,0,0,N,,41,WD0002495,7,+0,1,,,,,,,,,,,,,,,,,,,,,796494420140,63c1057c4120b3001175fbc7,Primary,e8db0dd786bc922fa3416d27cdc7c636,1edfc9c91cd35700c01456ce38af773d
63c10b118f3c47001d8bc697,SYSTEM JO H2O LUBRICANT COCKTAILS COSMOPOLITAN,System Jo H2O 有機天然水性潤滑劑 雞尾酒 Cosmopolitan,"Savor delicious classic-style cocktails.Alcohol-free without compromising flavor, incorporate these into your daily routine for a tasteful adventure!

System Jo H2O Cocktail Edible Lube and Cosmopolitan Cocktail Flavour!","品嚐美味經典風味的雞尾酒。不含酒精而不影響風味，將這些融入您的日常生活中，進行一次有品位的冒險！

System Jo H2O 雞尾酒味可食用潤滑液 Cosmopolitan 雞尾酒風味！",SYSTEM JO H2O LUBRICANT COCKTAILS COSMOPOLITAN,System Jo H2O 有機天然水性潤滑劑 雞尾酒 Cosmopolitan,"Savor delicious classic-style cocktails. Alcohol-free without compromising flavor, incorporate these into your daily routine for a tasteful adventure!   System Jo H2O Cocktail Edible Lube and Cosmopolitan Cocktail Flavour! This pr",品嚐美味經典風味的雞尾酒。 不含酒精而不影響風味，將這些融入您的日常生活中，進行一次有品位的冒險！  System Jo H2O 雞尾酒味可食用潤滑液 Cosmopolitan 雞尾酒風味！ 該產品非常適合在私密場所使用，使用安全，可食用。 它不含糖和酒精，不會損壞避孕套。 為您的生活賦予新的色彩，並嘗試這款有趣的產品以獲得新的體驗。  主要特徵： - 安全套兼容 - 玩具友好 - 用水輕鬆清潔 - 不含糖  成分： 水、甘油、山梨酸鉀、羥乙基纖維素、香精,,N,N,,,N,System Jo,N,120,0,,0,0,0,0,0,N,,41,WD0002494,7,+0,1,,,,,,,,,,,,,,,,,,,,,796494420119,63c10b128f3c47001d8bc69d,Primary,bdefed48088ab3d7086fd56ac9f04541,fac9e37b64f77be94e9d1646128ff9cf
63c11366619eaf001497e4c4,SYSTEM JO H2O LUBRICANT COCKTAILS MIMOSA,System Jo H2O 有機天然水性潤滑劑 雞尾酒 MIMOSA 含羞草味,"Savor delicious classic-style cocktails.Alcohol-free without compromising flavor, incorporate these into your daily routine for a tasteful adventure!

System Jo H2O Cocktail Edible Lube and MIMOSA Cocktail Flavour!","品嚐美味經典風味的雞尾酒。不含酒精而不影響風味，將這些融入您的日常生活中，進行一次有品位的冒險！

System Jo H2O 雞尾酒味可食用潤滑液 MIMOSA 雞尾酒風味！",,SYSTEM JO H2O LUBRICANT COCKTAILS MIMOSA 60 ML / System,"Savor delicious classic-style cocktails.Alcohol-free without compromising flavor, incorporate these into your daily routine for a tasteful adventure!System Jo H2O Cocktail Edible Lube and MIMOSA Cocktail Flavour!This product is pe",品嚐美味經典風味的雞尾酒。不含酒精而不影響風味，將這些融入您的日常生活中，進行一次有品位的冒險！System Jo H2O 雞尾酒味可食用潤滑液 MIMOSA 雞尾酒風味！該產品非常適合在私密場所使用，使用安全，可食用。它不含糖和酒精，不會損壞避孕套。為您的生活賦予新的色彩，並嘗試這款有趣的產品以獲得新的體驗。主要特徵：- 安全套兼容- 玩具友好- 用水輕鬆清潔- 不含糖成分：水、甘油、山梨酸鉀、羥乙基纖維素、香精、氯化鈉、檸檬酸、三氯蔗糖,,N,N,,,N,SYSTEM Jo,N,120,0,,0,0,0,0,0,N,,41,WD0002493,7,+0,1,,,,,,,,,,,,,,,,,,,,,796494420102,63c11367619eaf001497e4ca,Primary,33bc55e0de9c7786fe8f9c474dc0256a,fba7f70ec9da8c8aca1f4095081f9485
63c51b0a25da81001a9de5cb,Femimate Margarita Moisturizing Lubricant 70ml,Femimate 瑪格麗特 保濕水性潤滑液 70ml,,,Femimate Margarita Moisturizing Lubricant 70ml,Femimate 瑪格麗特 保濕水性潤滑液 70ml,"Use a water-based lube with ""female-friendly ingredients.""      - Made without using polyacrylic, using feminine-friendly ingredients. Apply easily to delicate areas.      - Just the right amount can be taken out easily. You","使用對“女性友好成分”,水溶性潤滑液。     - 不使用聚丙烯酸，使用對女性友好成分製成。可輕鬆塗抹於嬌嫩部位。     - 可輕鬆取出適量。您可以衛生地使用到最後。     - 它吸收迅速，延展性好，所以請取適量使用。     - 使用後，您可以用水或溫水輕鬆洗淨。      產品尺寸： 長183x寬40x深40mm  產品重量： 95g  連盒尺寸： 147x50x30mm  容量： 70ml","潤滑液,水溶性,水性,水性潤滑液,保濕",N,N,,,N,Feminate,N,120,0,,0,0,0,0,0,N,,40,WD0002541,0,+0,1,,,,,,,,,,,,,,,,,,,,,4582364121462,63c51b0a25da81001a9de5cf,Primary,beac43984898717db5e8e06236e4fb33,526a17b3787180d9f7f545db7b645734
63c51c376d068200209c375b,Femimate Magnolia Moisturizing Lubricant 70ml,Feminate 玉蘭花味 保濕水性潤滑液 70ml,,,Femimate Magnolia Moisturizing Lubricant 70ml,Feminate 玉蘭花味 保濕水性潤滑液 70ml,"Use a water-based lube with ""female-friendly ingredients.""     - Made without using polyacrylic, using feminine-friendly ingredients. Apply easily to delicate areas.     - Just the right amount can be taken out easily. You can",使用對“女性友好成分”的水性潤滑液。    - 不使用聚丙烯酸，使用對女性友好成分製成。可輕鬆塗抹於嬌嫩部位。    - 可輕鬆取出適量。您可以衛生地使用到最後。    - 它吸收迅速，延展性好，所以請取適量使用。    - 使用後，您可以用水或溫水輕鬆洗淨。    產品尺寸：長183x寬40x深40mm產品重量：95g連盒尺寸：147x50x30mm容量：70ml,"潤滑液,水溶性,水性,水性潤滑液,保濕",N,N,,,N,Feminate,N,120,0,,0,0,0,0,0,N,,40,WD0002540,0,+0,1,,,,,,,,,,,,,,,,,,,,,4582364121455,63c51c376d068200209c375f,Primary,eddecb5233bd4f85c465f83d7982fea6,6fa726067bf0f286ffb56653c398815a
63c51e4753d5e80017585fdd,Alice Japan Wet Princess Aphrodisiac Horny XXX Orgasm Cream,Alice Japan 濕身公主姬春藥 催淫XXX 高潮膏,,,Alice Japan Wet Princess Aphrodisiac Horny XXX Orgasm C,Alice Japan 濕身公主姬春藥 催淫XXX 高潮膏,"     Nurenurehime series launched warm type! Carefully selected ingredients such as ginger root extract are blended to stimulate sexual love. In addition, it is white, so it is not easy to be used by the other party! Can be used b",     Alice Japan 推出濕身公主系列溫熱高潮膏！ 姜根提取物等嚴選成分混合，刺激性愛。 另外，白色不容易被對方察覺而使用！ 男性也可使用，請盡情塗抹於彼此的私處！  配方成分： 生薑根提取物、角鯊烷、人參根提取物、透明質酸鈉、水解透明質酸、水解膠原蛋白、繡線菊油、生育酚、香鵪鶉油、橙油、薰衣草油、檀香油、依蘭油、意大利扁柏葉/堅果/莖油等。  產品尺寸：H30 xW33 x D33 mm 產品重量：25g,"Alice Japan,高潮膏,Alice Japan 濕身公主姬春藥 催淫XXX 高潮膏",N,N,,,N,Alice Japan,N,218,0,,0,0,0,0,0,N,,90.65,WD0002539,0,+0,1,,,,,,,,,,,,,,,,,,,,,4988117912439,63c51e4753d5e80017585fe2,Primary,86615a92b150dcda9ead0226bccb2c45,38963e557597e34a4fc08dd6549dee84
63c61aee536d14002013f20f,,Fun Factory Big Boss 震動棒 螢光粉紅,,,,,,,,N,N,,,Y,,N,998,0,,0,0,0,0,0,N,,460,SA02030,1,+0,1,,,,,,,,,,,,,,,,,,,,,4032498802596,63c61aee536d14002013f212,Primary,949b27f1ba3e815d808b998088eea05c,c63fac0eaf2f28ca746b78aaf6754c0f
63c64b314f99220017afc213,MAX-A The Max Honey Hole Sweet Nagase Asami Actress Masturbation Cup,MAX-A The Max 蜜穴Sweet 長瀬麻美 女優名器飛機杯,,,MAX-A The Max Honey Hole Sweet Nagase Asami Actress Mas,MAX-A The Max 蜜穴Sweet 長瀬麻美 女優名器飛機杯,"The ""Peerless Masterpiece"" sent by the Miracle H Cup Goddess was born! A sweet masturbation cup wrapped gently by AV actress Asami Nagase. Please enjoy the texture.  Connecting box size: H200xW130xD65mm  Weight with box: 390g",奇蹟H罩杯女神送來的「絕世傑作」誕生！AV 女優長瀨麻美溫柔包裹的甜美飛機杯。請盡情享受質感。 連盒尺寸：H200xW130xD65mm  連盒重量：390g  產品尺寸：H155xW73xD73mm   產品重量：350g  附送：潤滑液,"女優,名器,女優名器,女優名器飛機杯,長瀬麻美,MAX-A",N,N,,,N,MAX-A,N,228,0,,0,0,0,0,0,N,,72.03,WD0002538,0,+0,1,,,,,,,,,,,,,,,,,,,,,4570015601029,63c64b314f99220017afc218,Primary,c0e59a76bd964a4f302953d8ddc21c82,e69be9fcc96354847c76d9d2423586da
63c6508b1ff2650023f3428f,MAX-A The Max Honey Hole Mogami One Flower Amateur Masturbation Cup,MAX-A The Max 蜜穴 最上一花 素人名器飛機杯,,,MAX-A The Max Honey Hole Mogami One Flower Amateur Mast,MAX-A The Max 蜜穴 最上一花 素人名器飛機杯,"    The ""Peerless Masterpiece"" sent by the Miracle H Cup Goddess was born! A sweet masturbation cup wrapped gently by AV actress Asami Nagase. Please enjoy the texture. Connecting box size: H200xW130xD65mmWeight with box: 390gProd",     最上一花 18 歲時決定在一家成人 DVD 商店工作。最後，為了追求她可以見到的 AV 女演員最上一花的感覺，創造了一個結構極其逼真的穴部。無數的皺紋輕輕地刺激著你，而最深的部分是一個巨大的疣。褶皺的壓倒性新鮮結構將讓你陷入深度的性愛！連盒尺寸：H200xW130xD65mm連盒重量：390g產品尺寸：H155xW73mm產品重量：350g附送：潤滑液,,N,N,,,N,MAX-A,N,228,0,,0,0,0,0,0,N,,72,WD0002537,0,+0,1,,,,,,,,,,,,,,,,,,,,,4570015601012,63c6508c1ff2650023f34294,Primary,39fc944fe25f94d4fadcb5ec352a97d0,8dbf39ecceeda0783408bf4e38dfd42f
63c6541167279c001ae1d60b,DAYDREAM Chic Fishnet Thong (Black/White),DAYDREAM 別緻的魚網紋丁字褲 (黑色/白色),,,DAYDREAM Chic Fishnet Thong (Black/White)帥氣的網眼丁字褲，給人一種男,DAYDREAM 別緻的魚網紋丁字褲 (黑色/白色),"     Handsome mesh thongs, giving men a seductive atmosphere.      - Demure black - Classic white      Even box size: H160xW180xD10mm  Even box weight: 20g  Product size: M size, waist circumference 70-106cm  Product weight: 17g",     帥氣的網眼T型背帶出陽剛氣息。     - 端莊的黑色 - 經典白      連盒尺寸：H160xW180xD10mm  連盒重量：20g  產品尺寸：M碼，腰圍70-106cm  產品重量：17g,,N,N,,,N,DAYDREAM,N,98,0,,0,0,0,0,0,N,Y,30,,0,,0,,,63c6541067279c001ae1d607,Black,黑色,0,+0,價格一致,價格一致,價格一致,價格一致,價格一致,價格一致,價格一致,價格一致,價格一致,0,WD0002535,,,4573126278890,63c6541167279c001ae1d612,Primary,affe3fcc0e7c6cfcb38ed8ff2c308f81,f81924cbc68167f63f65f5f9e880e1ba
63c6541167279c001ae1d60b,,,,,,,,,,,,,,,,,,,,,,,,,,,,,,,,,,63c6541067279c001ae1d608,White,白色,0,+0,價格一致,價格一致,價格一致,價格一致,價格一致,價格一致,價格一致,價格一致,價格一致,0,WD0002536,,,4573126278906,63c6541167279c001ae1d617,Primary,f2e0bce9f460abb2954144bba366ef9a,febe2cd0f10c30089b601c446e8e7436
63c6581dc2ab5473cf51a7f0,DAYDREAM Too Cute School Uniform Suit Latte,DAYDREAM 太可愛的校服套裝 咖啡拿鐵色,,,DAYDREAM Too Cute School Uniform Suit Latte,DAYDREAM 太可愛的校服套裝 咖啡拿鐵色," 8 Ultimate Beloved School Uniforms! I'm going to wait for him to come back from school in this school uniform!  Even box size: H329xW238xD20  Even box weight: 258g  Product Size: Size M, Skirt Drops 78-82cm (Adjustable with Velcr", 8 件終極心愛的校服！我要穿著這身校服等他放學回來！    連盒尺寸：H329xW238xD20  連盒重量：258g  產品尺寸：M 碼，裙子低腰 78-82cm（魔術貼可調節），裙長 23cm  產品重量：250g  套裝包括：胸罩、百褶裙、頸圈、腕帶 x 2、丁字褲、緞帶繩 90cm、熊耳頭飾,,N,N,,,N,DAYDREAM,N,248,0,,0,0,0,0,0,N,,102,WD0002519,0,+0,1,,,,,,,,,,,,,,,,,,,,,4573126278753,63c6581ec2ab5473cf51a7f6,Primary,b1e83d4191cb241efd8e889e0ed4c412,d63c098b642699c865dbd75b9b467c35
63c65debd4fefd001af940f0,ToysHeart Girl's Development Measurement Anime Masturbation Cup,ToysHeart 女孩發育測定 動漫名器飛機杯,,,ToysHeart Girl's Development Measurement Thick and Sens,ToysHeart 女孩發育測定 厚肉感我動漫飛機杯, The safe skin that became a topic of awakening comes to a large size of 1.1 kg! ! Enjoy the best combination of safe skin and the inside that may grow.  Overall length: 180mm Overall width: 135mm Internal length: 160mm Product we," 成為覺醒話題的安全皮膚來到 1.1kg 的大尺寸！ ！ 享受安全皮膚和可能生長的內部的最佳組合。  總長度：180mm 總寬度：135mm 內部長度：160mm 產品重量：1,100g 連盒尺寸：W260×H210×D108mm 連盒重量：1,352g 產品材質：TPE",,N,N,,,N,ToysHeart,N,618,0,,0,0,0,0,0,N,,266,WD0002518,1,+0,1,,,,,,,,,,,,,,,,,,,,,4526374513336,63c65debd4fefd001af940f6,Primary,8a1aaff98d8cc580f9766d90b970e49f,9f41bdde9a5901e3dbf1e97858a1c982
63c65f4e8eb96f6b3ed8ba7d,Toysheart Atelier Lotion Rich Hard Lube 600ml,ToysHeart 錬金術師的特濃錬成潤滑液 600ml,,,Toysheart Atelier Lotion Rich Hard Lube 600ml,ToysHeart 錬金術師的特濃錬成潤滑液 600ml," A rich type lotion that allows you to enjoy a change in the feeling of use.  Ingredients: water, sodium polyacrylate, EDTA-2Na, methylparaben", 可以享受使用感變化的濃郁型潤滑液。  成分：水、聚丙烯酸鈉、EDTA-2Na、對羥基苯甲酸甲酯,"潤滑液, ToysHeart,濃郁型潤滑液",N,N,,,Y,ToysHeart,N,168,0,,0,0,0,0,0,N,,53.18,WD0002503,5,+0,1,,,,,,,,,,,,,,,,,,,,,4526374259135,63c65f4e8eb96f6b3ed8ba82,Primary,7ccdf7414e39cba264d913e09c926945,34593150a5992ca19812c97f27d77362
63c663ae95b7f400201f59ba,Magic Eyes Pure Genesis Lolita Anime Masturbation Cup Soft Edition,Magic Eyes 純潔創世記之蘿莉子 動漫名器飛機杯 軟版,,,Magic Eyes Pure Genesis Lolita Anime Masturbation Cup S,Magic Eyes 純潔創世記之蘿莉子 動漫名器飛機杯 軟版,"   With a body line that emphasizes practicality, there is no restraint to ensure thickness, but it is cute!  - Relaxed, loose and fluffy soft.  - A large fissure spreads with peach-colored skin and a pink sticky mucous layer.  - ",   搭配強調實用性的身體線條，沒有束縛保證厚度，但是很可愛！ - 鬆弛、鬆散和蓬鬆柔軟。 - 一個大裂縫蔓延著桃紅色的皮膚和粉紅色的粘性粘膜層。 - 260g 的中等身軀，無次元結構，擠到最前方 10cm 的最深處。 - 材質使用了 Magiceyes Skin，可以放心使用。 - 配有透明收納盒和潤滑液。 - 非穿透性。  總長度：125mm 總寬度：66mm 內部長度：100mm 產品重量：260g 連盒尺寸：W99×H180×D70mm 連盒重量：,"動漫名器飛機杯,動漫,動漫名器,飛機杯,Magic Eyes,Magic Eyes 純潔創世記之蘿莉子",N,N,,,N,Magic Eyes,N,178,0,,0,0,0,0,0,N,,70,WD0002502,6,+0,1,,,,,,,,,,,,,,,,,,,,,4571324243412,63c663af95b7f400201f59c1,Primary,79604d00917fa27c3ae05b9a0c0901fc,7b70b5fadf037a2b9fddcd007fbed631
63c664dab7528d00239ac4ad,Magic Eyes Pure Genesis Lolita Masturbation Cup,Magic Eyes 純潔創世記之蘿莉子 動漫名器飛機杯,,,Magic Eyes Pure Genesis Lolita Masturbation Cup,Magic Eyes 純潔創世記之蘿莉子 動漫名器飛機杯,"With a body line that emphasizes practicality, there is no restraint to ensure thickness, but it is cute! - Relaxed, loose and fluffy soft. - A large fissure spreads with peach-colored skin and a pink sticky mucous layer. - A medi",搭配強調實用性的身體線條，沒有束縛保證厚度，但是很可愛！- 鬆弛、鬆散和蓬鬆柔軟。- 一個大裂縫蔓延著桃紅色的皮膚和粉紅色的粘性粘膜層。- 260g 的中等身軀，無次元結構，擠到最前方 10cm 的最深處。- 材質使用了 Magiceyes Skin，可以放心使用。- 配有透明收納盒和潤滑液。- 非穿透性。總長度：125mm總寬度：66mm內部長度：100mm產品重量：260g連盒尺寸：W99×H180×D70mm連盒重量：360g,"動漫名器飛機杯,動漫,動漫名器,飛機杯,Magic Eyes,Magic Eyes 純潔創世記之蘿莉子",N,N,,,N,Magic Eyes,N,178,0,,0,0,0,0,0,N,,70,WD0002501,6,+0,1,,,,,,,,,,,,,,,,,,,,,4571324243405,63c664dbb7528d00239ac4b3,Primary,15db69027510f9b65715962ea975f9d7,3ada8f2815f43dda4f5eb295ed608448
63c666a76af0c40020e9b08e,Magic Eyes Pure Genesis Lolita Anime Airplane Cup Hard Edition,Magic Eyes 純潔創世記之蘿莉子 動漫名器飛機杯 硬版,,,Magic Eyes Pure Genesis Lolita Anime Airplane Cup Hard ,Magic Eyes 純潔創世記之蘿莉子 動漫名器飛機杯 硬版,"With a body line that emphasizes practicality, there is no restraint to ensure thickness, but it is cute! - Relaxed, loose and fluffy soft. - A large fissure spreads with peach-colored skin and a pink sticky mucous layer. - A medi",搭配強調實用性的身體線條，沒有束縛保證厚度，但是很可愛！- 鬆弛、鬆散和蓬鬆柔軟。- 一個大裂縫蔓延著桃紅色的皮膚和粉紅色的粘性粘膜層。- 260g 的中等身軀，無次元結構，擠到最前方 10cm 的最深處。- 材質使用了 Magiceyes Skin，可以放心使用。- 配有透明收納盒和潤滑液。- 非穿透性。總長度：125mm總寬度：66mm內部長度：100mm產品重量：260g連盒尺寸：W99×H180×D70mm連盒重量：360g,"動漫名器飛機杯,動漫,動漫名器,飛機杯,Magic Eyes,Magic Eyes 純潔創世記之蘿莉子",N,N,,,N,Magic Eyes,N,178,0,,0,0,0,0,0,N,,70,WD0002500,6,+0,1,,,,,,,,,,,,,,,,,,,,,4571324243399,63c666a86af0c40020e9b095,Primary,83e555ec83cab285bbd27591d58dca9c,608e2acd3e634fa2dc79cce0bc76590b
63c66ae21ff265001df34c2f,Toysheart Super Suction Ultra Real Dildo Vibrator (M/L),Toysheart 超強吸力 超真實假陽具按摩棒 (M/L),,,Toysheart Super Suction Ultra Real Dildo Vibrator (M/L),Toysheart 超強吸力 超真實假陽具按摩棒 (M/L),   Authentic and soft to the touch! Recommended for beginners Product size: total length 170 x maximum diameter 36 (excluding suction cup part) Product weight: 172g Weight with box: 177g Box size: W100×H175×D73 Product material: T,   真實而柔軟的觸感！推薦給初學者 產品尺寸：總長170 x 最大直徑36（不含吸盤部分） 產品重量：172g 連盒重量：177g 連盒尺寸：W100×H175×D73 產品材質：TPR,,N,N,,,Y,ToysHeart,N,168,0,,0,0,0,0,0,N,Y,65,,12,,1,,,63c66ae21ff265001df34c2b,,M,6,+0,價格一致,價格一致,價格一致,價格一致,價格一致,價格一致,價格一致,價格一致,價格一致,0,WD0002499,,,4526374227066,63c66ae31ff265001df34c37,Primary,65052f7413fb1a96f31f91049bbf822e,6e33b6261469b4c4c4418d66d7dbc1c8
63c66ae21ff265001df34c2f,,,,,,,,,,,,,,,,,,,,,,,,,,,,,,,,,,63c66ae21ff265001df34c2c,,L,6,+0,價格一致,價格一致,價格一致,價格一致,價格一致,價格一致,價格一致,價格一致,價格一致,0,WD0002498,,,4526374227073,63c66ae31ff265001df34c3c,Primary,a4885d6b97664272ea5c2c3a2444f57c,714d2afbcf269b8b8aff6abad2b61bdc
63c66e1a1ff2650020f3519c,Toysheart Ultra Stretch Transparent Dildo Medium,Toysheart 超彈力透明 仿真陽具按摩棒 中碼,,,Toysheart Ultra Stretch Transparent Dildo Medium,Toysheart 超彈力透明 仿真陽具按摩棒 中碼," Palm-sized, clean and transparent body Product size: total length 172 x maximum diameter 41mm (excluding suction cup part) Product weight: 190g Weight with box: 195g Box size: W100×H175×D73mm Product material: TPR", 手掌大小，乾淨透明的機身 產品尺寸：總長172 x 最大直徑41mm（不含吸盤部分） 產品重量：190g 連盒重量：195g 連盒尺寸：W100×H175×D73mm 產品材質：TPR,"仿真陽具按摩棒,按摩棒,仿真陽具,Toysheart,Toysheart 超彈力透明,Toysheart 超彈力透明 仿真陽具按摩棒",N,N,,,N,Toysheart,N,138,0,,0,0,0,0,0,N,,48,WD0002497,5,+0,1,,,,,,,,,,,,,,,,,,,,,4526374227103,63c66e1b1ff2650020f351a1,Primary,565cf44976eee54b3bf730f74ee37acd,d86cbd58d23338a91631d65eae6d52cb
63c6717d1ff2650017f35140,Toysheart Premium SI-X Ultra Masturbation Cup,Toysheart Premium SI-X Ultra 飛機杯,,,Toysheart Premium SI-X Ultra Masturbation Cup,Toysheart Premium SI-X Ultra 飛機杯, Two works born from the popularity of the SI-X series!  Please enjoy the sticky and tangled inside!   non-penetrating Features: Fine mesh inner pleats Overall length: 160mm Overall width: 58mm Internal length: 147mm Product weigh, 因 SI-X 系列的人氣而誕生的兩部作品！ 請享受粘稠和纏繞的內部！  非穿透性 特點：細網眼內褶皺 總長度：160mm 總寬度：58mm 內部長度：147mm 產品重量：231g 連盒尺寸：W67×H200×D67mm 連盒重量：286g 附送：潤滑液,"飛機杯, Toysheart,SI-X,Toysheart Premium SI-X Ultra 飛機杯",N,N,,,N,Toysheart,N,168,0,,0,0,0,0,0,N,,53.18,WD0002497,4,+0,1,,,,,,,,,,,,,,,,,,,,,4526374213359,63c6717e1ff2650017f35145,Primary,4363e80e3195120480cab6f202dfdd2a,b9ad12f6049e9dd7f40df96706d695d7
63c79a9e766afb001772b801,Toysheart Wireless Vibrator Pink,Toysheart 無線震蛋 桃紅色,Control your partner from 10m away!,10m 之外控制你嘅伴侶！,Toysheart Wireless Vibrator Pink,Toysheart 無線震蛋 桃紅色,     You can enjoy a different feeling!       Product size: Rotating part length 86 x maximum diameter 28mm           The overall length of the controller part is 75mm Product weight: about 81g Even box size: W90×H165×D50mm Produc,     你可以享受不一樣的感覺！      產品尺寸：轉動部分長度 86 x 最大直徑 28mm           控制器部分全長 75mm 產品重量：大約 81g 連盒尺寸：W90×H165×D50mm 產品材質：矽膠、ABS 配件：2 粒 AAA鹼性電池,"Toysheart,無線震蛋,震蛋",N,N,,,N,Toysheart,N,198,0,,0,0,0,0,0,N,,78,WD0002496,5,+0,1,,,,,,,,,,,,,,,,,,,,,4526374226427,63c79a9f766afb001772b806,Primary,3e42c987aa0281454a4cb585ba82af0f,55f1a82400594db4687e9d405df78133
63c7a6a20b54ed001a223623,Toysheart Wired Vibrator Black,Toysheart 有線震蛋 黑色,"For the first time in ToysHeart history!
Super powerful vibration!","ToysHeart 史上第一次！
超級強大震動！",Toysheart Wired Vibrator Black,Toysheart 有線震蛋 黑色," ToysHeart for the first time ever! Shocking Egg That Makes Anal Movement! - Super powerful vibration, adjustable intensity Product size: length 94 x maximum diameter 34mmProduct weight: 182gCompact box size: W90×H165×D50mmProduct",   ToysHeart 史上第一次！使後庭運動的震蛋！- 超級強大震動，強度可調節       產品尺寸：長度 94 x 最大直徑 34mm產品重量：182g連盒尺寸：W90×H165×D50mm產品材質：矽膠、ABS配件：3 粒 AAA鹼性電池點擊查看 震蛋震動器 點擊查看 ToysHeart ,,N,N,,,N,Toysheart,N,268,0,,0,0,0,0,0,N,,120,WD0002492,5,+0,1,,,,,,,,,,,,,,,,,,,,,4526374226434,63c7a6a20b54ed001a223628,Primary,c48fd8190c49decd0ba3287ac8395e1d,849f79cc141f8002c9cd636c8d83a426
63c7b7318be69600177a4723,Womany Next Steps Card Game,Womany 女人迷 關係下一步卡牌,"The relationship is not only synchronous, but also takes the next step well.
The series of relationship cards that have broken the support of tens of thousands of people will attack again!
A relationship accelerator specially designed for couples, guided by cards, getting along, asking questions, an","關係不只同步，也要好好展開下一步。
破萬人支持的關係系列牌卡再進擊！
專為伴侶設計的關係加速器，透過牌卡引導，相處、提問、行動，找到專屬你們關係的下一步

▪︎ 內容物：問題卡 x90、功能卡 x5、主題卡 x5
▪︎ 卡片尺寸：H9 * W5.5 cm（名片大小）
▪︎ 外盒尺寸：W158 * L202 * H50 mm（掀蓋書型盒）",Womany Next Steps Card Game,Womany 女人迷 關係下一步卡牌,"In a relationship, after a long time, you will always start thinking about the next step in life,Whether it is cohabitation trial marriage, starting a family, marriage progress, good intentions or separate travel? Is the partner i",在一段關係中，時間久了總會開始思考人生下一步，無論是同居試婚、成家、婚姻進行式，好心分手或分開旅行？究竟眼前伴侶是不是適合自己的人生旅伴？有些問題不好開口，有些話題只能擦邊球，這些靈魂拷問與深度交流，都由關係下一步牌卡幫你問！關係下一步牌卡，Let's go Next Steps帶你們越玩越確信，越愛越強壯。關係不只要同步，更要前進下一步疫情過後，人與人的關係從舊有生活模式裡重新洗牌，比起過往，我們更願意去檢視自己與伴侶的關係狀態——是要繼續走下去，還是最,,N,N,,,N,Womany,N,408,0,,0,0,0,0,0,N,,265,WD0002542,4,+0,1,,,,,,,,,,,,,,,,,,,,,4719678749958,63c7b7318be69600177a4728,Primary,4f5cbc27c9053267c889a12d26c056d6,1b721a5a29e57b9d80149604bb67c799
63ca1e0ee937b6002329dd84,SN-195 丁字褲 (Black /Red),SN-195 丁字褲 (黑色 /紅色),,,SB Thong T195 (Black /Red),SN-195 丁字褲 (黑色 /紅色),Beautiful lace g-strings with pearls,美麗的蕾絲丁字褲配珍珠,,N,N,,,N,Spickini,N,68,0,,0,0,0,0,0,N,Y,7,,0,,0,,,63ca1e0ee937b6002329dd80,Black,黑色,0,+0,價格一致,價格一致,價格一致,價格一致,價格一致,價格一致,價格一致,價格一致,價格一致,0,,,,50597184,63ca1e0fe937b6002329dd8c,Primary,a807e95f91e55f317f340687ff0f42c6,3ec89a46b82d0b03279a590bb4c49962
63ca1e0ee937b6002329dd84,,,,,,,,,,,,,,,,,,,,,,,,,,,,,,,,,,63ca1e0ee937b6002329dd81,Red,紅色,0,+0,價格一致,價格一致,價格一致,價格一致,價格一致,價格一致,價格一致,價格一致,價格一致,0,,,,14963464,63ca1e0fe937b6002329dd91,Primary,f3a3c6a6671abc444412bc2cc3c7d6d6,d869999b121cb0f00b7b10b6e1cf85cd
63ca1f1e19f7de001ae5ae20,SN-399 Thong w Tail (Black/White),SN-399 丁字褲連兔尾 (黑色/白色),,,SB Thong w Tail (Black/White),SN-399 丁字褲連兔尾  (黑色/白色),Mini thong with playful bunny tail,帶有俏皮兔尾的迷你丁字褲,,N,N,,,N,Spickini,N,48,0,,0,0,0,0,0,N,Y,7,,0,,0,,,63ca1f1e19f7de001ae5ae1c,White,白色,0,+0,價格一致,價格一致,價格一致,價格一致,價格一致,價格一致,價格一致,價格一致,價格一致,0.5,,,,30823562,63ca1f1f19f7de001ae5ae28,Primary,5344c497f358397466cdca03a4709cf5,a411e3546fc46ff47485add41b1a3285
63ca1f1e19f7de001ae5ae20,,,,,,,,,,,,,,,,,,,,,,,,,,,,,,,,,,63ca1f1e19f7de001ae5ae1d,Black,黑色,0,+0,價格一致,價格一致,價格一致,價格一致,價格一致,價格一致,價格一致,價格一致,價格一致,0.5,,,,50387224,63ca1f1f19f7de001ae5ae2d,Primary,1e9a257883da3d317ca0a479262b9eb7,c584d5b4dc6e82e9a6d1d79f5c145aa1
63ca1ffbcdde11000edf16f1,SN-138  Panties  w Pearls Black,SN-138 珍珠開襠內褲 黑色,,,SB Panties T135 w Pearls Black,SN-138 珍珠開襠內褲 黑色,"Sexy, exquisite and noble panties with a string of pearls that connected back and forth in the opening part  One size Suitable height: 150 - 170 cm. Suitable weight: 40 kg - 62 kg. The hips are within 38 inches (98 cm)",性感、精緻、高貴的內褲，開口處有一串來回連接的珍珠  一種尺寸 適合身高：150 - 170 cm。 適合體重：40 kg - 62 kg。 臀部在 38 in（98 cm）以內,,N,N,,,N,Spickini,N,48,0,,0,0,0,0,0,N,,0,,0,+0,1,,,,,,,,,,,,,,,,,,,,,19899532,63ca1ffbcdde11000edf16f6,Primary,0edd572c40f16e96c7ab5b8d9e7b16b3,7f1f36ac025d4a85ce2eeeb3cb219b8c
63ca214e011e77001a6a17e7,SN-8068 Lace Dress White,SN-8068 蕾絲裙 白色,,,SB Lace Dress 8068 White,SN-8068 蕾絲裙 白色,SB Lace Dress 8068 WhiteSize: Free Sizecolor: WhiteBrand: S-BabyCountry: China,SN-8068 蕾絲裙 白色尺碼: Free Size顏色: 白色品牌: S-Baby國家: 中國,"SN-8068 蕾絲裙 白色 白色,SN Lace Dress 8068 White,",N,N,,,N,Spickini,N,88,0,,0,0,0,0,0,N,,14,,0,+0,0.2,,,,,,,,,,,,,,,,,,,,,25120795,63ca214e011e77001a6a17ed,Primary,931969abdfca941e6ce8ea24a345f851,ae5f1223394a06feb700eebd11d24843
63ca22d14852d4000e88d2b5,SN-8067 Bodystocking Black,SN-8067 連體全身內衣 黑色,,,SB Bodystocking 8067 Black,SN-8067 連體全身內衣 黑色,SB Bodystocking 8067 BlackSize: Free SizeColour: BlackBrand: S-BabyCountry: China,SN-8067 連體全身內衣  黑色尺碼: Free Size顏色: 黑色品牌: Spickini 國家: 中國,"SN 連體全身內衣 8067 黑色,SN Bodystocking 8067 Black,",N,N,,,N,Spickini,N,88,0,,0,0,0,0,0,N,,15,,0,+0,0.2,,,,,,,,,,,,,,,,,,,,,52190737,63ca22d24852d4000e88d2bb,Primary,f70eefce5e65239fb2649c343c32b197,c3dd59d02cfbd5f97315220ce5ba3682
63ca260b19f7de0014e5ad26,SN-8062 Bodystocking Black,SN-8062 連體全身內衣  黑色,,,SB Bodystocking 8062 Black,SN-8062 連體全身內衣 黑色,SB One Piece Full Body Bra 8062 BlackSize: Free SizeColour: BlackBrand: S-BabyCountry: China,SN-8062 連體全身內衣 黑色尺碼: Free Size顏色: 黑色品牌: Spickini國家: 中國,"SN-8062 連體全身內衣 黑色,SN-8062 Bodystocking Black,",N,N,,,N,Spickini,N,88,0,,0,0,0,0,0,N,,17,SN-8062,0,+0,0.2,,,,,,,,,,,,,,,,,,,,,34046099,63ca260c19f7de0014e5ad2c,Primary,31f32bc9dd6102fb82928f7009361de3,7738065e14608414b01ece0b7d4c0ecb
63ca2851b6f2a40022f8579c,SN-8014 Bodystocking Black,SN-8014 連體全身內衣 黑色,,,SB Bodystocking 8014 Black,SN-8014 連體全身內衣,,SN-8014 連體全身內衣  黑色尺碼: Free Size顏色: 黑色品牌: Spickini 國家: 中國,,N,N,,,N,Spickini,N,88,0,,0,0,0,0,0,N,,12,,0,+0,0,,,,,,,,,,,,,,,,,,,,,62549805,63ca2851b6f2a40022f857a2,Primary,8e8a55bf9c7b9220e8fe2bb55f25fb69,3bd2d3e86a4c9539b075e82f8ce5f477
63ca28e4da2dd200208f2fe3,SN-648 Maid Strappy Babydoll,SN-648 女僕繫帶連衣裙,,,SB Maid Strappy Babydoll,SN-648 女僕繫帶連衣裙,,,,N,N,,,N,Spickini,N,188,0,,0,0,0,0,0,N,Y,38,,0,,0,,,63ca28e4da2dd200208f2fdf,,紅色,0,+0,價格一致,價格一致,價格一致,價格一致,價格一致,價格一致,價格一致,價格一致,價格一致,0,,,,37920300,63ca28e5da2dd200208f2fec,Primary,55aa172b5aaf01ba5c6f1bb5f0fa81ed,14285790661c429318878523389c7f92
63ca28e4da2dd200208f2fe3,,,,,,,,,,,,,,,,,,,,,,,,,,,,,,,,,,63ca28e4da2dd200208f2fe0,,黑色,0,+0,價格一致,價格一致,價格一致,價格一致,價格一致,價格一致,價格一致,價格一致,價格一致,0,,,,68020029,63ca28e5da2dd200208f2ff1,Primary,55178d4fb3f89fd02e9a1930af355c92,30250cfadb1398add4a3f732063f0ea9
63d1ee50fef15b001160252e,Valentine's Day Cupid Set (Pre-Order),【情人節限定預購】浪漫愛神邱比特套裝 (男女情侶),,"❤️情人節限定：浪漫愛神邱比特套裝💘
產品總值必定超過$700💦
套裝必定會包含一件玩具💦

Waddy Store為不同性向的情侶或伴侶度身訂造適合不同需要的情人節套裝，套裝由前戲到戲肉都啱用，包括男女情侶、男同性戀、女同性戀，希望大家度過一個甜蜜而又浪漫的情人節❤️。

*此商品不適用於即日門市自取的送貨方式。",Valentine's Day Cupid Set (Pre-Order),【情人節限定預購】浪漫愛神邱比特套裝 (男女情侶),,❤️情人節限定：浪漫愛神邱比特套裝💘  ☪️傳說中，掌管情愛的是愛神Venus維納斯💟及Cupido邱比特💘，祂們的金箭射入人心就會產生愛情，造就了無數的情人。👩‍❤️‍👨 情人節即將到來，Waddy Store💒推出兩款愛神禮盒套裝，象徵愛神的金箭，祝願各位有情人天長地久🎎。Waddy Store為不同性向的情侶或伴侶度身訂造適合不同需要的情人節套裝，套裝由前戲到戲肉都啱用，包括男女情侶、男同性戀、女同性戀，希望大家度過一個甜蜜而又浪漫,,N,Y,Shipping will be started within 7 to 14 days before Valentine's Day.,7-14天發貨 (情人節前發貨),Y,,N,520,0,,0,0,0,0,0,N,N,0,,0,,1,,,63d4c61e2b3159000e26acf9, ,Standard 標準 情人節禮盒,0,+0,555,0,,0,0,0,0,0,0,0,,,,71738695,63d4c61e2b3159000e26ad08,Primary,12694151357d0c30c44e80fbd4e5e616,c2b8b5e14049292792fdd5989aa94a04
63d1ee50fef15b001160252e,,,,,,,,,,,,,,,,,,,,,,,,,,,,,,,,,,63d4c61e2b3159000e26acfa, ,Standard 標準 不需禮盒,0,+0,520,0,,0,0,0,0,0,0,0,,,,50533994,63d4c61e2b3159000e26ad0d,Primary,f1e78d08f86a49738a698294360ddcad,5e9863e963573d9f3425d21a51c6cc86
63d1ee50fef15b001160252e,,,,,,,,,,,,,,,,,,,,,,,,,,,,,,,,,,63d4c61e2b3159000e26acfb, ,Large 大 情人節禮盒,0,+0,555,0,,0,0,0,0,0,0,0,,,,42246267,63d4c61e2b3159000e26ad12,Primary,6786f8730340c33a3f915ac2554e0248,a34867bb0d1ab63051b2810463ba218a
63d1ee50fef15b001160252e,,,,,,,,,,,,,,,,,,,,,,,,,,,,,,,,,,63d4c61e2b3159000e26acfc, ,Large 大 不需禮盒,0,+0,520,0,,0,0,0,0,0,0,0,,,,42883960,63d4c61e2b3159000e26ad17,Primary,a01a2923919aa7c1f21ce6f06059eace,3562e3b6aaebb61c6f1c17afc00bddfe
63d1f53071cd510014719555,Valentine's Day Cupid Set (Gay) (Pre-Order),【情人節限定預購】浪漫愛神邱比特套裝 (男男),,"❤️情人節限定：浪漫愛神邱比特套裝💘
產品總值必定超過$700💦
套裝必定會包含一件玩具💦

Waddy Store為不同性向的情侶或伴侶度身訂造適合不同需要的情人節套裝，套裝由前戲到戲肉都啱用，包括男女情侶、男同性戀、女同性戀，希望大家度過一個甜蜜而又浪漫的情人節❤️。

*此商品不適用於即日門市自取的送貨方式。",Valentine's Day Cupid Set (Gay) (Pre-Order),【情人節限定預購】浪漫愛神邱比特套裝 (男男),,❤️情人節限定：浪漫愛神邱比特套裝💘  ☪️傳說中，掌管情愛的是愛神Venus維納斯💟及Cupido邱比特💘，祂們的金箭射入人心就會產生愛情，造就了無數的情人。👩‍❤️‍👨 情人節即將到來，Waddy Store💒推出兩款愛神禮盒套裝，象徵愛神的金箭，祝願各位有情人天長地久🎎。Waddy Store為不同性向的情侶或伴侶度身訂造適合不同需要的情人節套裝，套裝由前戲到戲肉都啱用，包括男女情侶、男同性戀、女同性戀，希望大家度過一個甜蜜而又浪漫,,N,Y,Shipping will be started within 7 to 14 days before Valentine's Day.,7-14天發貨 (情人節前發貨),Y,,N,520,0,,0,0,0,0,0,N,N,0,,0,,1,,,63d4c640294adf000e58a711, ,Standard標準 情人節禮盒,0,+0,555,0,,0,0,0,0,0,0,0,,,,66389155,63d4c640294adf000e58a720,Primary,17177fd88981babb6bb3cc902e97d0f1,6d5ec0e70a55ab1bb5123aea30a0f9b9
63d1f53071cd510014719555,,,,,,,,,,,,,,,,,,,,,,,,,,,,,,,,,,63d4c640294adf000e58a712, ,Standard標準 不需禮盒,0,+0,520,0,,0,0,0,0,0,0,0,,,,36748767,63d4c640294adf000e58a725,Primary,1f7ffb7e0bc27f32ebdae5cbefe966d4,eedc5784ba9c2576dda0f0c9cbdc731b
63d1f53071cd510014719555,,,,,,,,,,,,,,,,,,,,,,,,,,,,,,,,,,63d4c640294adf000e58a713, ,Large大 情人節禮盒,0,+0,555,0,,0,0,0,0,0,0,0,,,,21189682,63d4c640294adf000e58a72a,Primary,6be5cb79cd6719058a9e9b63fac607a4,d6d0e96dccc8f26948fa12bbf9ff2954
63d1f53071cd510014719555,,,,,,,,,,,,,,,,,,,,,,,,,,,,,,,,,,63d4c640294adf000e58a714, ,Large大 不需禮盒,0,+0,520,0,,0,0,0,0,0,0,0,,,,11755828,63d4c640294adf000e58a72f,Primary,cde90ba600d0efaa68d0cbf0cbdf30cc,7fb0125c8b26b8e18e46d20b58031059
63d1fb88d76afa001a514f20,Valentine's Day Cupid Set (Lesbian) (Pre-Order),【情人節限定預購】浪漫愛神邱比特套裝 (女女),,"❤️情人節限定：浪漫愛神邱比特套裝💘
產品總值必定超過$700💦
套裝必定會包含一件玩具💦

Waddy Store為不同性向的情侶或伴侶度身訂造適合不同需要的情人節套裝，套裝由前戲到戲肉都啱用，包括男女情侶、男同性戀、女同性戀，希望大家度過一個甜蜜而又浪漫的情人節❤️。

*此商品不適用於即日門市自取的送貨方式。",Valentine's Day Cupid Set (Lesbian) (Pre-Order),【情人節限定預購】浪漫愛神邱比特套裝 (女女),,❤️情人節限定：浪漫愛神邱比特套裝💘  ☪️傳說中，掌管情愛的是愛神Venus維納斯💟及Cupido邱比特💘，祂們的金箭射入人心就會產生愛情，造就了無數的情人。👩‍❤️‍👨 情人節即將到來，Waddy Store💒推出兩款愛神禮盒套裝，象徵愛神的金箭，祝願各位有情人天長地久🎎。Waddy Store為不同性向的情侶或伴侶度身訂造適合不同需要的情人節套裝，套裝由前戲到戲肉都啱用，包括男女情侶、男同性戀、女同性戀，希望大家度過一個甜蜜而又浪漫,,N,Y,Shipping will be started within 7 to 14 days before Valentine's Day.,7-14天發貨 (情人節前發貨),Y,,N,520,0,,0,0,0,0,0,N,N,0,,0,,1,,,63d4c65956a4060020ca9d44,,情人節禮盒,0,+0,555,0,,0,0,0,0,0,0,0,,,,79317738,63d4c65956a4060020ca9d4d,Primary,b2cbd6ac689d05cddce80ef7ffd45fd2,a10d6c1310523a17d21995f252c4f729
63d1fb88d76afa001a514f20,,,,,,,,,,,,,,,,,,,,,,,,,,,,,,,,,,63d4c65956a4060020ca9d45,,不需禮盒,0,+0,520,0,,0,0,0,0,0,0,0,,,,49591091,63d4c65956a4060020ca9d52,Primary,ff2c60c5c3db23d4550ee27dc9fd22d8,a267b6bfadc611fdb191223b24fa609a
63d1fc7a58a65f00232a0e62,Valentine's Day Venus Set (Pre-Order),【情人節限定預購】浪漫愛神維納斯套裝 (男女情侶),,"❤️情人節限定：浪漫愛神維納斯套裝💘
產品總值必定超過$1500💦
套裝必定會包含一件玩具💦

Waddy Store為不同性向的情侶或伴侶度身訂造適合不同需要的情人節套裝，套裝由前戲到戲肉都啱用，包括男女情侶、男同性戀、女同性戀，希望大家度過一個甜蜜而又浪漫的情人節❤️。

*此商品不適用於即日門市自取的送貨方式。",Valentine's Day Venus Set (Pre-Order),【情人節限定預購】浪漫愛神維納斯套裝 (男女情侶),,❤️情人節限定：浪漫愛神邱比特套裝💘  ☪️傳說中，掌管情愛的是愛神Venus維納斯💟及Cupido邱比特💘，祂們的金箭射入人心就會產生愛情，造就了無數的情人。👩‍❤️‍👨 情人節即將到來，Waddy Store💒推出兩款愛神禮盒套裝，象徵愛神的金箭，祝願各位有情人天長地久🎎。Waddy Store為不同性向的情侶或伴侶度身訂造適合不同需要的情人節套裝，套裝由前戲到戲肉都啱用，包括男女情侶、男同性戀、女同性戀，希望大家度過一個甜蜜而又浪漫,,N,Y,Shipping will be started within 7 to 14 days before Valentine's Day.,7-14天發貨 (情人節前發貨),Y,,N,1314,0,,0,0,0,0,0,N,N,0,,0,,1,,,63d4c59156a406001dca9d8e, ,Standard 標準 情人節禮盒,0,+0,1349,0,,0,0,0,0,0,0,0,,,,96912897,63d4c59156a406001dca9d9d,Primary,5aac56c5bdc6d648fcef7e8cc819dcb1,0a0ebad97f107d15c98bc18a1d6d6c2b
63d1fc7a58a65f00232a0e62,,,,,,,,,,,,,,,,,,,,,,,,,,,,,,,,,,63d4c59156a406001dca9d8f, ,Standard 標準 不需禮盒,0,+0,1314,0,,0,0,0,0,0,0,0,,,,55211642,63d4c59156a406001dca9da2,Primary,dfaca8d0ba92f6699e6e77e519aca814,b8a801a6f6ad22e2c6b1990d214c5b15
63d1fc7a58a65f00232a0e62,,,,,,,,,,,,,,,,,,,,,,,,,,,,,,,,,,63d4c59156a406001dca9d90, ,Large 大 情人節禮盒,0,+0,1349,0,,0,0,0,0,0,0,0,,,,34844712,63d4c59156a406001dca9da7,Primary,73e1c3e4b80764f105c7d79650e8c727,7f2c574479273ed98c0a52ed6c46c149
63d1fc7a58a65f00232a0e62,,,,,,,,,,,,,,,,,,,,,,,,,,,,,,,,,,63d4c59156a406001dca9d91, ,Large 大 不需禮盒,0,+0,1314,0,,0,0,0,0,0,0,0,,,,81670213,63d4c59156a406001dca9dac,Primary,b863862aef606d9c1951842cb63a0a41,0a1df5b008009571ecd995f68cf2b541
63d1fcddcffd4500208fd473,Valentine's Day Venus Set (Gay) (Pre-Order),【情人節限定預購】浪漫愛神維納斯套裝 (男男),,"❤️情人節限定：浪漫愛神維納斯套裝💘
產品總值必定超過$1500💦
套裝必定會包含一件玩具💦

Waddy Store為不同性向的情侶或伴侶度身訂造適合不同需要的情人節套裝，套裝由前戲到戲肉都啱用，包括男女情侶、男同性戀、女同性戀，希望大家度過一個甜蜜而又浪漫的情人節❤️。

*此商品不適用於即日門市自取的送貨方式。",Valentine's Day Venus Set (Gay) (Pre-Order),【情人節限定預購】浪漫愛神維納斯套裝 (男男),,❤️情人節限定：浪漫愛神邱比特套裝💘  ☪️傳說中，掌管情愛的是愛神Venus維納斯💟及Cupido邱比特💘，祂們的金箭射入人心就會產生愛情，造就了無數的情人。👩‍❤️‍👨 情人節即將到來，Waddy Store💒推出兩款愛神禮盒套裝，象徵愛神的金箭，祝願各位有情人天長地久🎎。Waddy Store為不同性向的情侶或伴侶度身訂造適合不同需要的情人節套裝，套裝由前戲到戲肉都啱用，包括男女情侶、男同性戀、女同性戀，希望大家度過一個甜蜜而又浪漫,,N,Y,Shipping will be started within 7 to 14 days before Valentine's Day.,7-14天發貨 (情人節前發貨),Y,,N,1314,0,,0,0,0,0,0,N,N,0,,0,,1,,,63d4c55aeb031f001d51ea0c, ,Standard 標準 情人節禮盒,0,+0,1349,0,,0,0,0,0,0,0,0,,,,91131979,63d4c55aeb031f001d51ea1b,Primary,35079604199d2cdd934b37cc9391d627,e129962195993a93cdf3b420115b4b9e
63d1fcddcffd4500208fd473,,,,,,,,,,,,,,,,,,,,,,,,,,,,,,,,,,63d4c55aeb031f001d51ea0d, ,Standard 標準 不需禮盒,0,+0,1314,0,,0,0,0,0,0,0,0,,,,97661112,63d4c55aeb031f001d51ea20,Primary,db3aa8ae3d51eaac31465cc7ff9be4a4,2cf993fa00848c342ce4e5b5fe3913ed
63d1fcddcffd4500208fd473,,,,,,,,,,,,,,,,,,,,,,,,,,,,,,,,,,63d4c55aeb031f001d51ea0e, ,Large 大 情人節禮盒,0,+0,1349,0,,0,0,0,0,0,0,0,,,,85465982,63d4c55aeb031f001d51ea25,Primary,8d8353df1e3f6b314601086b87e8afae,0f932c3479f545f73b9dda02368e19cc
63d1fcddcffd4500208fd473,,,,,,,,,,,,,,,,,,,,,,,,,,,,,,,,,,63d4c55aeb031f001d51ea0f, ,Large 大 不需禮盒,0,+0,1314,0,,0,0,0,0,0,0,0,,,,93316093,63d4c55aeb031f001d51ea2a,Primary,8cb597a8b4e79c7beb4bffb0537d433e,a70a65ac168eb98e52e51514deaef204
63d1fd2d8d215b001eecb2d2,Valentine's Day Venus Set (Lesbian) (Pre-Order),【情人節限定預購】浪漫愛神維納斯套裝 (女女),,"❤️情人節限定：浪漫愛神維納斯套裝💘
產品總值必定超過$1500💦
套裝必定會包含一件玩具💦

Waddy Store為不同性向的情侶或伴侶度身訂造適合不同需要的情人節套裝，套裝由前戲到戲肉都啱用，包括男女情侶、男同性戀、女同性戀，希望大家度過一個甜蜜而又浪漫的情人節❤️。

*此商品不適用於即日門市自取的送貨方式。",Valentine's Day Venus Set (Lesbian) (Pre-Order),【情人節限定預購】浪漫愛神維納斯套裝 (女同志),,❤️情人節限定：浪漫愛神邱比特套裝💘  ☪️傳說中，掌管情愛的是愛神Venus維納斯💟及Cupido邱比特💘，祂們的金箭射入人心就會產生愛情，造就了無數的情人。👩‍❤️‍👨 情人節即將到來，Waddy Store💒推出兩款愛神禮盒套裝，象徵愛神的金箭，祝願各位有情人天長地久🎎。Waddy Store為不同性向的情侶或伴侶度身訂造適合不同需要的情人節套裝，套裝由前戲到戲肉都啱用，包括男女情侶、男同性戀、女同性戀，希望大家度過一個甜蜜而又浪漫,,N,Y,Shipping will be started within 7 to 14 days before Valentine's Day.,7-14天發貨 (情人節前發貨),Y,,N,1314,0,,0,0,0,0,0,N,N,0,,0,,1,,,63d4c4b96308650017859965,,情人節禮盒,0,+0,1349,0,,0,0,0,0,0,0,1,,,,50849776,63d4c4b9630865001785996e,Primary,eb8e9b85473dd5350ca3287f95bb85ad,0c5f03c97e300c740f0594439bb09eb5
63d1fd2d8d215b001eecb2d2,,,,,,,,,,,,,,,,,,,,,,,,,,,,,,,,,,63d4c4b96308650017859966,,不需禮盒,0,+0,1314,0,,0,0,0,0,0,0,1,,,,13656776,63d4c4b96308650017859973,Primary,0d6c2256f82484cf67fb75a64aec432d,3800201eae8577ed47f90bc7cfbf3be7
63d2386c357b41001490b86b,Je Joue Amour Bullet (Emerald Green/Pale Rosette),Je Joue Amour Bullet,,,Je Joue Amour Bullet (Emerald Green/Pale Rosette),Je Joue Amour Bullet,,,,N,N,,,N,Je Joue,N,648,0,,0,0,0,0,0,N,Y,260,,0,,1,,,63d2386c357b41001490b867,Emerald Green,翡翠綠,0,+0,價格一致,價格一致,價格一致,價格一致,價格一致,價格一致,價格一致,價格一致,價格一致,0,WD0002544,,,5060170972670,63d2386c357b41001490b871,Primary,693d1371305119a82f3d1c292c562c38,3ac431f59eaf7dbecc3cad1a1a1fc88b
63d2386c357b41001490b86b,,,,,,,,,,,,,,,,,,,,,,,,,,,,,,,,,,63d2386c357b41001490b868,Pale Rosette,淡玫瑰,0,+0,價格一致,價格一致,價格一致,價格一致,價格一致,價格一致,價格一致,價格一致,價格一致,0,WD0002545,,,506170972687,63d2386c357b41001490b876,Primary,72a9c12d48833de40154e83d9e037e42,e63ba4aa659655d0738a1f5ad30ee085
63d239d0b14b850017cebddc,Je Joue Duet Bullet (Lilac/Purple),Je Joue Duet Bullet,,,Je Joue Duet Bullet (Lilac/Purple),Je Joue Duet Bullet,,,,N,N,,,N,,N,648,0,,0,0,0,0,0,N,Y,260,,0,,0,,,63d239cfb14b850017cebdd8,Lilac,淺紫色,0,+0,價格一致,價格一致,價格一致,價格一致,價格一致,價格一致,價格一致,價格一致,價格一致,0,WD0002546,,,5060170972649,63d239d0b14b850017cebde3,Primary,5fb74076eff1a6d30bae74a14d93ab1b,be0a9e3b3ad01776f2193bd0717edbf4
63d239d0b14b850017cebddc,,,,,,,,,,,,,,,,,,,,,,,,,,,,,,,,,,63d239cfb14b850017cebdd9,Purple,紫色,0,+0,價格一致,價格一致,價格一致,價格一致,價格一致,價格一致,價格一致,價格一致,價格一致,0,WD0002547,,,5060170972632,63d239d0b14b850017cebde8,Primary,d3fd9f2768d19d4923012cd8e585a7d0,dc41f6b92ee4a941ec738176608a63ab
63d23b35cb75ff0023463cde,Je Joue Vita Bullet (Cobalt Blue/Watermelon Pink),Je Joue Vita Bullet,,,Je Joue Vita Bullet (Cobalt Blue/Watermelon Pink),Je Joue Vita Bullet,,,,N,N,,,N,,N,648,0,,0,0,0,0,0,N,Y,260,,0,,0,,,63d23b35cb75ff0023463cda,Cobalt Blue,鈷藍色,0,+0,價格一致,價格一致,價格一致,價格一致,價格一致,價格一致,價格一致,價格一致,價格一致,0,WD0002548,,,5060170972663,63d23b35cb75ff0023463ce4,Primary,cedb263f14f84a629971413eaca5c3e0,954ee4e117ba7bbd5e331eed34f03e32
63d23b35cb75ff0023463cde,,,,,,,,,,,,,,,,,,,,,,,,,,,,,,,,,,63d23b35cb75ff0023463cdb,Watermelon Pink,西瓜粉,0,+0,價格一致,價格一致,價格一致,價格一致,價格一致,價格一致,價格一致,價格一致,價格一致,0,WD0002549,,,5060170972656,63d23b35cb75ff0023463ce9,Primary,430d365f5ff428537c3596bebef99e29,5d5bcd288cadb325c8be0437c840b88c
63d2431ff27cd10014cb701e,,情人節禮盒,,,,情人節禮盒,,,,N,N,,,N,,N,35,0,,0,0,0,0,0,N,,30,WD0002550,0,+0,1,,,,,,,,,,,,,,,,,,,,,06780640,63d2431ff27cd10014cb7021,Primary,6251a2fee3ab3d27465fee977b2e3d87,1e35c3831e607f1918d2074f0c7a3a1b
63d247a7872cfa0020a1979a,"SKYN Selection Non-Latex Condoms Variety Pack 12 Count - Original , Elite, Elite Extra Lube, Excitation","SKYN Selection 精選雜錦 PI安全套 12片裝 - Original , Elite, Elite Extra Lube, Excitation",,,SKYN Selection Non-Latex Condoms Variety Pack 12 Count,"SKYN Selection 精選雜錦 PI安全套 12片裝 - Original , Elite, Elit",,SKYN最出名的就是不以乳膠制作，並以一種任新的素材以非乳膠制作。少了乳膠的成份，更加滑身，不會再有啜實的感覺，加強了彼此的進入感覺。  SKYN有不同款式，你可以一次過試盡不同的感覺。  1盒10片﹕ 4 x 正常普通版 4 x 凸點   2 x 潤滑版 適合乳膠過敏者使用  尺寸﹕ 長度﹕ 200mm 直徑﹕ 32mm 圓周 101mm 闊度﹕ 50.5mm SKYN 5 Senses 雜錦  最新SKYN 產品系列  雜錦非乳膠PI 安全套避孕套,"SKYN雜錦款式安全套 － 10片,SKYN Selection,SKYN雜錦,  SKYN雜錦款式安全套, LifeStyles - SKYN Selection - 10片裝, SKYN 5 Senses【5款雜錦】非乳膠安全套(5片裝) , SKYN雜錦款, SKYN Selection 雜錦",N,N,,一星期內出貨,N,SKYN,N,198,0,,0,0,0,0,80,N,,60,,11,+0,1,DIS,dis,,,,,,,,,,,,,,,,,,,070907000175,63d247a8872cfa0020a197a1,Primary,4a18acf667a7ecc432e98b59b201953c,8d2ca9d4ec5c98e76c1e5ecdf8985739
